Workbook
Name LIST_TEC_NGUON: DANH_MUC!$A$4:$A$14
Name LIST_KY_TINH: TINH_TEC!$A$6:$A$155

Sheet HUONG_DAN
A1: HƯỚNG DẪN SỬ DỤNG
A2: Đọc trước khi sử dụng — Mật khẩu sheet khóa: 1111
A3: Nhóm sheet | B3: Cách sử dụng | D3: Mật khẩu sheet khóa | E3: 1111
A4: Sheet | B4: Ai dùng chính | C4: Mục đích | D4: Có được sửa trực tiếp? | E4: Chú thích | H4: Ô được phép nhập liệu
A5: BOM | B5: Thủ kho | C5: Nhập dữ liệu bơm/xuất dầu cho xe: số phiếu, biển số, téc/nguồn, loại giao dịch, số lít, KM cũ/mới. | D5: Có
A6: NHAP | B6: Thủ kho/Kế toán kho | C6: Nhập dữ liệu mỗi lần công ty mua/nhập dầu về téc: NCC, téc nhận dầu, loại dầu, số lít, đơn giá. | D6: Có
A7: TON_KHO | B7: Thủ kho/Kế toán kho | C7: Xem tồn kho theo ngày. Logic: Tồn = Tồn đầu + Nhập - Xuất - Tịnh âm + Tịnh dương. | D7: Chỉ nhập/cập nhật Tồn đầu theo số đo thực tế; không sửa công thức nhập/xuất/tịnh/tồn sau tịnh.
A8: TONG_HOP_XE | B8: Kế toán | C8: Xem tiêu hao từng xe theo tháng theo layout quen thuộc: ngày 1-31, tổng, bơm ngoài, tịnh âm/dương, tổng tiêu hao, KM, L/100km. | D8: Chỉ chỉnh Tháng/Năm. Tịnh và KM/L100km đã tự kéo từ TINH_TEC/DATA_GOC; không nhập tay.
A9: EXPORT_KE_TOAN | B9: Kế toán | C9: Trích xuất dữ liệu BOM/NHAP theo tháng để copy gửi kế toán. Chỉnh B3 = tháng, D3 = năm; dữ liệu tự cập nhật. | D9: Chỉ chỉnh B3/D3.
A10: DATA_GOC | B10: Quản trị file | C10: Database gốc lưu toàn bộ dữ liệu mọi thời điểm. Các sheet khác đều đọc từ đây. | D10: Không sửa trực tiếp; đang khóa mật khẩu 1111.
A11: DANH_MUC | B11: Quản trị file | C11: Danh sách: téc/nguồn, loại dầu, loại giao dịch, nhà cung cấp, biển số/thiết bị. | D11: Cập nhật khi phát sinh xe/NCC mới. Các sheet phân bổ/tổng hợp đọc từ danh mục này.
A12: TINH_TEC | B12: Kế toán | C12: Nhập kỳ tịnh khi thủ kho báo téc hết: chọn téc, ngày bắt đầu, ngày hết, tồn đầu kỳ/thực tế. Sheet tự tính tịnh âm/dương và phân bổ cho từng xe. | D12: Sửa các ô nhập liệu màu xám; không sửa công thức.
A64: Bổ sung: Quy trình TINH_TEC | B64: Khi téc hết nhẵn, kế toán vào TINH_TEC, nhập kỳ tịnh ở bảng trên, chọn KyTinhID để kiểm tra dashboard, sau đó đổi trạng thái sang Đã chốt để số tịnh tự cộng sang TONG_HOP_TEC và TON_KHO.

Sheet CAI_DAT_EMAIL
A1: Cấu hình email báo cáo tồn kho
A2: Danh sách email nhận | B2: ahuyle.work@gmail.com, nguyenkhanh.tsm@gmail.com, thuannv.thiennhat@gmail.com
A3: Giờ gửi mỗi ngày | B3: 17
A4: Ghi chú | B4: Có thể nhập nhiều email, cách nhau bằng dấu phẩy hoặc chấm phẩy.
A5: Function test | B5: guiThuEmailTonKhoCuoiNgay

Sheet LOG_NHAP_LIEU
A1: Timestamp | B1: User | C1: Status | D1: LoaiDuLieu | E1: DATA_GOC_Row | F1: Ngay | G1: SoPhieu | H1: DoiTuong/NCC | I1: Tec_Nguon | J1: LoaiGiaoDich | K1: LoaiDau | L1: SoLit | M1: KMCu | N1: KMMoi | O1: KMDi | P1: DonGia | Q1: ThanhTien | R1: GhiChu | S1: Message
A2: 46185.701 | B2: vriens.gpt@gmail.com | C2: SAVE_OK | D2: BOM: 1 dòng, DATA_GOC từ dòng 1439
A3: 46185.702 | B3: vriens.gpt@gmail.com | C3: SAVE_OK | D3: BOM: 1 dòng, DATA_GOC từ dòng 1440
A4: 46185.703 | B4: vriens.gpt@gmail.com | C4: SAVE_OK | D4: BOM: 1 dòng, DATA_GOC từ dòng 1441
A5: 46185.703 | B5: vriens.gpt@gmail.com | C5: SAVE_OK | D5: NHAP: 1 dòng, DATA_GOC từ dòng 1442
A6: 46186.349 | B6: lekhamuoi@gmail.com | C6: SAVE_ERROR | D6: BOM: Bạn đang cố gắng chỉnh sửa ô hoặc đối tượng được bảo vệ. Vui lòng liên hệ với chủ sở hữu bảng tính để tắt chế độ bảo vệ nếu bạn cần chỉnh sửa.
A7: 46186.349 | B7: lekhamuoi@gmail.com | C7: SAVE_ERROR | D7: BOM: Bạn đang cố gắng chỉnh sửa ô hoặc đối tượng được bảo vệ. Vui lòng liên hệ với chủ sở hữu bảng tính để tắt chế độ bảo vệ nếu bạn cần chỉnh sửa.
A8: 46188.903 | B8: vriens.gpt@gmail.com | C8: SAVE_OK | D8: BOM | E8: 1481 | F8: 46188 | H8: 19H09482 | I8: Téc 1 | J8: Xuất nội bộ từ téc | K8: DO 0.05S | L8: 1 | S8: BOM: đã lưu 1 dòng vào DATA_GOC
A9: 46188.903 | B9: vriens.gpt@gmail.com | C9: SAVE_OK | D9: BOM | E9: 1482 | F9: 46188 | H9: 19H09482 | I9: Téc 1 | J9: Xuất nội bộ từ téc | K9: DO 0.05S | L9: 1 | S9: BOM: đã lưu 1 dòng vào DATA_GOC
A10: 46189.406 | B10: lekhamuoi@gmail.com | C10: SAVE_OK | D10: BOM | E10: 1481 | F10: 46188 | H10: 28C02986 | I10: Téc 3 | J10: Xuất nội bộ từ téc | K10: DO 0.05S | L10: 415 | M10: 95589 | N10: 96491 | O10: 902 | S10: BOM: đã lưu 1 dòng vào DATA_GOC
A11: 46189.406 | B11: lekhamuoi@gmail.com | C11: SAVE_OK | D11: BOM | E11: 1482 | F11: 46188 | H11: 19H09482 | I11: Téc 3 | J11: Xuất nội bộ từ téc | K11: DO 0.05S | L11: 460 | M11: 23404 | N11: 24367 | O11: 963 | S11: BOM: đã lưu 1 dòng vào DATA_GOC
A12: 46189.406 | B12: lekhamuoi@gmail.com | C12: SAVE_OK | D12: BOM | E12: 1483 | F12: 46188 | H12: 28C00462 | I12: Téc 3 | J12: Xuất nội bộ từ téc | K12: DO 0.05S | L12: 36 | R12: bơm máy lai | S12: BOM: đã lưu 1 dòng vào DATA_GOC
A13: 46189.672 | B13: lekhamuoi@gmail.com | C13: SAVE_OK | D13: BOM | E13: 1484 | F13: 46189 | H13: 28C05739 | I13: Téc 3 | J13: Xuất nội bộ từ téc | K13: DO 0.05S | L13: 238 | M13: 191346 | N13: 191860 | O13: 514 | S13: BOM: đã lưu 1 dòng vào DATA_GOC
A14: 46189.672 | B14: lekhamuoi@gmail.com | C14: SAVE_OK | D14: BOM | E14: 1485 | F14: 46189 | H14: 28C03652 | I14: Téc 3 | J14: Xuất nội bộ từ téc | K14: DO 0.05S | L14: 244 | M14: 264541 | N14: 265070 | O14: 529 | S14: BOM: đã lưu 1 dòng vào DATA_GOC
A15: 46189.672 | B15: lekhamuoi@gmail.com | C15: SAVE_OK | D15: BOM | E15: 1486 | F15: 46189 | H15: 28H00680 | I15: Téc 3 | J15: Xuất nội bộ từ téc | K15: DO 0.05S | L15: 477 | M15: 243778 | N15: 244724 | O15: 946 | S15: BOM: đã lưu 1 dòng vào DATA_GOC
A16: 46189.672 | B16: lekhamuoi@gmail.com | C16: SAVE_OK | D16: BOM | E16: 1487 | F16: 46189 | H16: 28C02770 | I16: Téc 3 | J16: Xuất nội bộ từ téc | K16: DO 0.05S | L16: 512 | M16: 7401 | N16: 8378 | O16: 977 | S16: BOM: đã lưu 1 dòng vào DATA_GOC
A17: 46189.815 | B17: vriens.gpt@gmail.com | C17: SAVE_ERROR | S17: BOM: BOM dòng 6: thiếu téc/nguồn.
A18: 46189.815 | B18: vriens.gpt@gmail.com | C18: SAVE_OK | D18: BOM | E18: 1488 | F18: 46189 | H18: 28A30696 | I18: Téc 1 | J18: Xuất nội bộ từ téc | K18: DO 0.05S | L18: 200 | M18: 11 | N18: 12 | O18: 1 | S18: BOM: đã lưu 1 dòng vào DATA_GOC
A19: 46190.247 | B19: lekhamuoi@gmail.com | C19: SAVE_OK | D19: BOM | E19: 1488 | F19: 46189 | H19: 28C03385 | I19: Dầu thủy lực | J19: Xuất nội bộ từ téc | K19: Dầu thủy lực | L19: 3 | R19: Bổ sung bót lái | S19: BOM: đã lưu 1 dòng vào DATA_GOC
A20: 46190.247 | B20: lekhamuoi@gmail.com | C20: SAVE_OK | D20: BOM | E20: 1489 | F20: 46189 | H20: 28C03385 | I20: Téc 3 | J20: Xuất nội bộ từ téc | K20: DO 0.05S | L20: 30 | R20: Bơm tạm đủ chạy đi sửa xe | S20: BOM: đã lưu 1 dòng vào DATA_GOC
A21: 46190.247 | B21: lekhamuoi@gmail.com | C21: SAVE_OK | D21: BOM | E21: 1490 | F21: 46189 | H21: 28H00003 | I21: Téc 3 | J21: Xuất nội bộ từ téc | K21: DO 0.05S | L21: 370 | M21: 79455 | N21: 80207 | O21: 752 | S21: BOM: đã lưu 1 dòng vào DATA_GOC
A22: 46190.247 | B22: lekhamuoi@gmail.com | C22: SAVE_OK | D22: BOM | E22: 1491 | F22: 46189 | H22: 28C05345 | I22: Téc 3 | J22: Xuất nội bộ từ téc | K22: DO 0.05S | L22: 306 | M22: 182478 | N22: 182743 | O22: 265 | S22: BOM: đã lưu 1 dòng vào DATA_GOC
A23: 46190.247 | B23: lekhamuoi@gmail.com | C23: SAVE_OK | D23: BOM | E23: 1492 | F23: 46189 | H23: 28H00061 | I23: Téc 3 | J23: Xuất nội bộ từ téc | K23: DO 0.05S | L23: 164 | M23: 167544 | N23: 167916 | O23: 372 | S23: BOM: đã lưu 1 dòng vào DATA_GOC
A24: 46190.247 | B24: lekhamuoi@gmail.com | C24: SAVE_OK | D24: BOM | E24: 1493 | F24: 46189 | H24: 28C01622 | I24: Téc 3 | J24: Xuất nội bộ từ téc | K24: DO 0.05S | L24: 350 | M24: 153251 | N24: 153934 | O24: 683 | S24: BOM: đã lưu 1 dòng vào DATA_GOC
A25: 46190.247 | B25: lekhamuoi@gmail.com | C25: SAVE_OK | D25: BOM | E25: 1494 | F25: 46189 | H25: 28C06447 | I25: Téc 3 | J25: Xuất nội bộ từ téc | K25: DO 0.05S | L25: 315 | M25: 407553 | N25: 408237 | O25: 684 | S25: BOM: đã lưu 1 dòng vào DATA_GOC
A26: 46190.724 | B26: lekhamuoi@gmail.com | C26: SAVE_OK | D26: BOM | E26: 1495 | F26: 46190 | H26: 28H00603 | I26: Téc 3 | J26: Xuất nội bộ từ téc | K26: DO 0.05S | L26: 239 | M26: 116959 | N26: 117559 | O26: 600 | S26: BOM: đã lưu 1 dòng vào DATA_GOC
A27: 46190.724 | B27: lekhamuoi@gmail.com | C27: SAVE_OK | D27: BOM | E27: 1496 | F27: 46190 | H27: 28C04576 | I27: Téc 3 | J27: Xuất nội bộ từ téc | K27: DO 0.05S | L27: 235 | N27: 254856 | S27: BOM: đã lưu 1 dòng vào DATA_GOC
A28: 46190.724 | B28: lekhamuoi@gmail.com | C28: SAVE_OK | D28: BOM | E28: 1497 | F28: 46190 | H28: Xúclật855H | I28: Téc 3 | J28: Xuất nội bộ từ téc | K28: DO 0.05S | L28: 158 | M28: 4312 | N28: 4326 | O28: 14 | S28: BOM: đã lưu 1 dòng vào DATA_GOC
A29: 46190.724 | B29: lekhamuoi@gmail.com | C29: SAVE_OK | D29: BOM | E29: 1498 | F29: 46190 | H29: 29E17410 | I29: Téc 3 | J29: Xuất nội bộ từ téc | K29: DO 0.05S | L29: 309 | M29: 5305 | N29: 5936 | O29: 631 | S29: BOM: đã lưu 1 dòng vào DATA_GOC
A30: 46190.724 | B30: lekhamuoi@gmail.com | C30: SAVE_OK | D30: BOM | E30: 1499 | F30: 46190 | H30: 28C02973 | I30: Téc 3 | J30: Xuất nội bộ từ téc | K30: DO 0.05S | L30: 230 | M30: 1447 | N30: 2052 | O30: 605 | S30: BOM: đã lưu 1 dòng vào DATA_GOC
A31: 46190.724 | B31: lekhamuoi@gmail.com | C31: SAVE_OK | D31: BOM | E31: 1500 | F31: 46190 | H31: 19H09482 | I31: Téc 3 | J31: Xuất nội bộ từ téc | K31: DO 0.05S | L31: 30 | R31: bơm máy lai | S31: BOM: đã lưu 1 dòng vào DATA_GOC
A32: 46190.724 | B32: lekhamuoi@gmail.com | C32: SAVE_OK | D32: BOM | E32: 1501 | F32: 46190 | H32: Cát nghiền | I32: Dầu cầu | J32: Xuất nội bộ từ téc | K32: Dầu cầu | L32: 20 | R32: bổ sung máy nghiền | S32: BOM: đã lưu 1 dòng vào DATA_GOC
A33: 46191.689 | B33: lekhamuoi@gmail.com | C33: SAVE_OK | D33: BOM | E33: 1502 | F33: 46191 | H33: Máy lu lốp | I33: Dầu động cơ | J33: Xuất nội bộ từ téc | K33: Dầu động cơ | L33: 40 | S33: BOM: đã lưu 1 dòng vào DATA_GOC
A34: 46191.689 | B34: lekhamuoi@gmail.com | C34: SAVE_OK | D34: BOM | E34: 1503 | F34: 46191 | H34: Máy rải thảm | I34: Dầu thủy lực | J34: Xuất nội bộ từ téc | K34: Dầu thủy lực | L34: 60 | S34: BOM: đã lưu 1 dòng vào DATA_GOC
A35: 46191.689 | B35: lekhamuoi@gmail.com | C35: SAVE_OK | D35: BOM | E35: 1504 | F35: 46191 | H35: 28C05345 | I35: Dầu thủy lực | J35: Xuất nội bộ từ téc | K35: Dầu thủy lực | L35: 176 | S35: BOM: đã lưu 1 dòng vào DATA_GOC
A36: 46191.689 | B36: lekhamuoi@gmail.com | C36: SAVE_OK | D36: BOM | E36: 1505 | F36: 46191 | H36: 28H00354 | I36: Téc 3 | J36: Xuất nội bộ từ téc | K36: DO 0.05S | L36: 257 | M36: 99407 | N36: 100007 | O36: 600 | S36: BOM: đã lưu 1 dòng vào DATA_GOC
A37: 46191.689 | B37: lekhamuoi@gmail.com | C37: SAVE_OK | D37: BOM | E37: 1506 | F37: 46191 | H37: 28C06369 | I37: Téc 3 | J37: Xuất nội bộ từ téc | K37: DO 0.05S | L37: 230 | M37: 172660 | N37: 173173 | O37: 513 | S37: BOM: đã lưu 1 dòng vào DATA_GOC
A38: 46191.689 | B38: lekhamuoi@gmail.com | C38: SAVE_OK | D38: BOM | E38: 1507 | F38: 46191 | H38: 28C03261 | I38: Téc 3 | J38: Xuất nội bộ từ téc | K38: DO 0.05S | L38: 260 | M38: 276347 | N38: 276819 | O38: 472 | S38: BOM: đã lưu 1 dòng vào DATA_GOC
A39: 46191.689 | B39: lekhamuoi@gmail.com | C39: SAVE_OK | D39: BOM | E39: 1508 | F39: 46191 | H39: 28C01406 | I39: Téc 3 | J39: Xuất nội bộ từ téc | K39: DO 0.05S | L39: 460 | M39: 15973 | N39: 17185 | O39: 1212 | S39: BOM: đã lưu 1 dòng vào DATA_GOC
A40: 46191.689 | B40: lekhamuoi@gmail.com | C40: SAVE_OK | D40: BOM | E40: 1509 | F40: 46191 | H40: 28H01070 | I40: Téc 3 | J40: Xuất nội bộ từ téc | K40: DO 0.05S | L40: 305 | M40: 80579 | N40: 81275 | O40: 696 | S40: BOM: đã lưu 1 dòng vào DATA_GOC
A41: 46191.689 | B41: lekhamuoi@gmail.com | C41: SAVE_OK | D41: BOM | E41: 1510 | F41: 46191 | H41: Xúclật855N | I41: Téc 3 | J41: Xuất nội bộ từ téc | K41: DO 0.05S | L41: 176 | M41: 8350 | N41: 8365 | O41: 15 | S41: BOM: đã lưu 1 dòng vào DATA_GOC
A42: 46191.689 | B42: lekhamuoi@gmail.com | C42: SAVE_OK | D42: BOM | E42: 1511 | F42: 46191 | H42: 28C01647 | I42: Téc 3 | J42: Xuất nội bộ từ téc | K42: DO 0.05S | L42: 435 | M42: 151814 | N42: 152853 | O42: 1039 | S42: BOM: đã lưu 1 dòng vào DATA_GOC
A43: 46191.689 | B43: lekhamuoi@gmail.com | C43: SAVE_OK | D43: BOM | E43: 1512 | F43: 46191 | H43: 28C01622 | I43: Téc 3 | J43: Xuất nội bộ từ téc | K43: DO 0.05S | L43: 200 | M43: 153934 | N43: 154468 | O43: 534 | S43: BOM: đã lưu 1 dòng vào DATA_GOC
A44: 46191.689 | B44: lekhamuoi@gmail.com | C44: SAVE_OK | D44: BOM | E44: 1513 | F44: 46191 | H44: 28H01364 | I44: Téc 3 | J44: Xuất nội bộ từ téc | K44: DO 0.05S | L44: 445 | M44: 59989 | N44: 60879 | O44: 890 | S44: BOM: đã lưu 1 dòng vào DATA_GOC
A45: 46191.689 | B45: lekhamuoi@gmail.com | C45: SAVE_OK | D45: BOM | E45: 1514 | F45: 46191 | H45: 28C05345 | I45: Téc 3 | J45: Xuất nội bộ từ téc | K45: DO 0.05S | L45: 136 | M45: 182743 | N45: 182820 | O45: 77 | S45: BOM: đã lưu 1 dòng vào DATA_GOC
A46: 46191.69 | B46: lekhamuoi@gmail.com | C46: SAVE_OK | D46: BOM | E46: 1515 | F46: 46190 | H46: 28C00462 | I46: Téc 3 | J46: Xuất nội bộ từ téc | K46: DO 0.05S | L46: 45 | R46: Bơm máy lái | S46: BOM: đã lưu 1 dòng vào DATA_GOC
A47: 46192.562 | B47: lekhamuoi@gmail.com | C47: SAVE_OK | D47: BOM | E47: 1516 | F47: 46191 | H47: 28C02986 | I47: Téc 3 | J47: Xuất nội bộ từ téc | K47: DO 0.05S | L47: 390 | M47: 96491 | N47: 97444 | O47: 953 | S47: BOM: đã lưu 1 dòng vào DATA_GOC
A48: 46192.567 | B48: lekhamuoi@gmail.com | C48: SAVE_OK | D48: BOM | E48: 1517 | F48: 46192 | H48: 28H00061 | I48: Téc 3 | J48: Xuất nội bộ từ téc | K48: DO 0.05S | L48: 155 | M48: 167916 | N48: 168271 | O48: 355 | S48: BOM: đã lưu 1 dòng vào DATA_GOC
A49: 46192.567 | B49: lekhamuoi@gmail.com | C49: SAVE_OK | D49: BOM | E49: 1518 | F49: 46192 | H49: 29E17417 | I49: Téc 3 | J49: Xuất nội bộ từ téc | K49: DO 0.05S | L49: 300 | M49: 3767 | N49: 4304 | O49: 537 | S49: BOM: đã lưu 1 dòng vào DATA_GOC
A50: 46192.567 | B50: lekhamuoi@gmail.com | C50: SAVE_OK | D50: BOM | E50: 1519 | F50: 46192 | H50: 29E17269 | I50: Téc 3 | J50: Xuất nội bộ từ téc | K50: DO 0.05S | L50: 283 | M50: 6953 | N50: 7481 | O50: 528 | S50: BOM: đã lưu 1 dòng vào DATA_GOC
A51: 46192.567 | B51: lekhamuoi@gmail.com | C51: SAVE_OK | D51: BOM | E51: 1520 | F51: 46192 | H51: 28A30696 | I51: Téc 3 | J51: Xuất nội bộ từ téc | K51: DO 0.05S | L51: 23 | M51: 12493 | N51: 12735 | O51: 242 | S51: BOM: đã lưu 1 dòng vào DATA_GOC
A52: 46192.567 | B52: lekhamuoi@gmail.com | C52: SAVE_OK | D52: BOM | E52: 1521 | F52: 46192 | H52: 28H00669 | I52: Téc 3 | J52: Xuất nội bộ từ téc | K52: DO 0.05S | L52: 527 | M52: 201054 | N52: 202105 | O52: 1051 | S52: BOM: đã lưu 1 dòng vào DATA_GOC
A53: 46192.662 | B53: lekhamuoi@gmail.com | C53: SAVE_OK | D53: BOM | E53: 1522 | F53: 46192 | H53: 19H09482 | I53: Téc 3 | J53: Xuất nội bộ từ téc | K53: DO 0.05S | L53: 45 | R53: Bơm máy lai | S53: BOM: đã lưu 1 dòng vào DATA_GOC
A54: 46192.662 | B54: lekhamuoi@gmail.com | C54: SAVE_OK | D54: BOM | E54: 1523 | F54: 46192 | H54: 19H09482 | I54: Dầu động cơ | J54: Xuất nội bộ từ téc | K54: Dầu động cơ | L54: 5 | R54: Bổ sung máy lai | S54: BOM: đã lưu 1 dòng vào DATA_GOC
A55: 46192.715 | B55: lekhamuoi@gmail.com | C55: SAVE_OK | D55: BOM | E55: 1524 | F55: 46192 | H55: 28C00462 | I55: Téc 3 | J55: Xuất nội bộ từ téc | K55: DO 0.05S | L55: 456 | M55: 47711 | N55: 48609 | O55: 898 | S55: BOM: đã lưu 1 dòng vào DATA_GOC
A56: 46192.715 | B56: lekhamuoi@gmail.com | C56: SAVE_OK | D56: BOM | E56: 1525 | F56: 46192 | H56: 28C00462 | I56: Dầu động cơ | J56: Xuất nội bộ từ téc | K56: Dầu động cơ | L56: 5 | R56: Bổ sung máy lai | S56: BOM: đã lưu 1 dòng vào DATA_GOC
A57: 46192.728 | B57: lekhamuoi@gmail.com | C57: SAVE_OK | D57: BOM | E57: 1526 | F57: 46192 | H57: 28C02574 | I57: Téc 3 | J57: Xuất nội bộ từ téc | K57: DO 0.05S | L57: 180 | M57: 587496 | N57: 587794 | O57: 298 | S57: BOM: đã lưu 1 dòng vào DATA_GOC
A58: 46193.305 | B58: lekhamuoi@gmail.com | C58: SAVE_OK | D58: BOM | E58: 1527 | F58: 46192 | H58: 28H00003 | I58: Téc 3 | J58: Xuất nội bộ từ téc | K58: DO 0.05S | L58: 362 | M58: 80207 | N58: 81166 | O58: 959 | S58: BOM: đã lưu 1 dòng vào DATA_GOC
A59: 46193.305 | B59: lekhamuoi@gmail.com | C59: SAVE_OK | D59: BOM | E59: 1528 | F59: 46192 | H59: Công trình Asphalt | I59: Téc 3 | J59: Xuất nội bộ từ téc | K59: DO 0.05S | L59: 191 | R59: cty trung thành | S59: BOM: đã lưu 1 dòng vào DATA_GOC
A60: 46193.416 | B60: lekhamuoi@gmail.com | C60: SAVE_OK | D60: BOM | E60: 1529 | F60: 46193 | H60: 28H00680 | I60: Téc 3 | J60: Xuất nội bộ từ téc | K60: DO 0.05S | L60: 490 | M60: 244724 | N60: 245687 | O60: 963 | S60: BOM: đã lưu 1 dòng vào DATA_GOC
A61: 46193.416 | B61: lekhamuoi@gmail.com | C61: SAVE_OK | D61: BOM | E61: 1530 | F61: 46193 | H61: 28H00603 | I61: Téc 3 | J61: Xuất nội bộ từ téc | K61: DO 0.05S | L61: 220 | M61: 117559 | N61: 118036 | O61: 477 | S61: BOM: đã lưu 1 dòng vào DATA_GOC
A62: 46193.416 | B62: lekhamuoi@gmail.com | C62: SAVE_OK | D62: BOM | E62: 1531 | F62: 46193 | H62: 28C03652 | I62: Téc 3 | J62: Xuất nội bộ từ téc | K62: DO 0.05S | L62: 240 | M62: 265070 | N62: 265572 | O62: 502 | S62: BOM: đã lưu 1 dòng vào DATA_GOC
A63: 46193.416 | B63: lekhamuoi@gmail.com | C63: SAVE_OK | D63: BOM | E63: 1532 | F63: 46193 | H63: 28H01364 | I63: Téc 3 | J63: Xuất nội bộ từ téc | K63: DO 0.05S | L63: 305 | M63: 60879 | N63: 61619 | O63: 740 | S63: BOM: đã lưu 1 dòng vào DATA_GOC
A64: 46193.416 | B64: lekhamuoi@gmail.com | C64: SAVE_OK | D64: BOM | E64: 1533 | F64: 46193 | H64: 28C04576 | I64: Téc 3 | J64: Xuất nội bộ từ téc | K64: DO 0.05S | L64: 220 | M64: 254856 | N64: 255278 | O64: 422 | S64: BOM: đã lưu 1 dòng vào DATA_GOC
A65: 46193.416 | B65: lekhamuoi@gmail.com | C65: SAVE_OK | D65: BOM | E65: 1534 | F65: 46193 | H65: 28C02973 | I65: Téc 3 | J65: Xuất nội bộ từ téc | K65: DO 0.05S | L65: 235 | M65: 2052 | N65: 2633 | O65: 581 | S65: BOM: đã lưu 1 dòng vào DATA_GOC
A66: 46193.67 | B66: lekhamuoi@gmail.com | C66: SAVE_OK | D66: BOM | E66: 1535 | F66: 46192 | H66: 28C05739 | I66: Téc 3 | J66: Xuất nội bộ từ téc | K66: DO 0.05S | L66: 263 | M66: 191860 | N66: 192346 | O66: 486 | S66: BOM: đã lưu 1 dòng vào DATA_GOC
A67: 46193.672 | B67: lekhamuoi@gmail.com | C67: SAVE_OK | D67: BOM | E67: 1536 | F67: 46193 | H67: 29E17273 | I67: Téc 3 | J67: Xuất nội bộ từ téc | K67: DO 0.05S | L67: 226 | M67: 7059 | N67: 7510 | O67: 451 | S67: BOM: đã lưu 1 dòng vào DATA_GOC
A68: 46195.335 | B68: lekhamuoi@gmail.com | C68: SAVE_OK | D68: BOM | E68: 1537 | F68: 46194 | H68: 28C02545 | I68: Téc 3 | J68: Xuất nội bộ từ téc | K68: DO 0.05S | L68: 182 | R68: km hỏng | S68: BOM: đã lưu 1 dòng vào DATA_GOC
A69: 46195.335 | B69: lekhamuoi@gmail.com | C69: SAVE_OK | D69: BOM | E69: 1538 | F69: 46194 | H69: 28C06447 | I69: Téc 3 | J69: Xuất nội bộ từ téc | K69: DO 0.05S | L69: 372 | M69: 408237 | N69: 409248 | O69: 1011 | S69: BOM: đã lưu 1 dòng vào DATA_GOC
A70: 46195.335 | B70: lekhamuoi@gmail.com | C70: SAVE_OK | D70: BOM | E70: 1539 | F70: 46194 | H70: 28C01647 | I70: Téc 3 | J70: Xuất nội bộ từ téc | K70: DO 0.05S | L70: 380 | M70: 152853 | N70: 153859 | O70: 1006 | S70: BOM: đã lưu 1 dòng vào DATA_GOC
A71: 46195.335 | B71: lekhamuoi@gmail.com | C71: SAVE_OK | D71: BOM | E71: 1540 | F71: 46194 | H71: 29E17539 | I71: Téc 3 | J71: Xuất nội bộ từ téc | K71: DO 0.05S | L71: 213 | M71: 5828 | N71: 6248 | O71: 420 | S71: BOM: đã lưu 1 dòng vào DATA_GOC
A72: 46195.335 | B72: lekhamuoi@gmail.com | C72: SAVE_OK | D72: BOM | E72: 1541 | F72: 46194 | H72: 28C06369 | I72: Téc 3 | J72: Xuất nội bộ từ téc | K72: DO 0.05S | L72: 209 | M72: 173193 | N72: 173617 | O72: 424 | S72: BOM: đã lưu 1 dòng vào DATA_GOC
A73: 46195.335 | B73: lekhamuoi@gmail.com | C73: SAVE_OK | D73: BOM | E73: 1542 | F73: 46194 | H73: 28C03261 | I73: Téc 3 | J73: Xuất nội bộ từ téc | K73: DO 0.05S | L73: 210 | M73: 276819 | N73: 277275 | O73: 456 | S73: BOM: đã lưu 1 dòng vào DATA_GOC
A74: 46195.338 | B74: lekhamuoi@gmail.com | C74: SAVE_OK | D74: BOM | E74: 1543 | F74: 46195 | H74: 28C02770 | I74: Téc 3 | J74: Xuất nội bộ từ téc | K74: DO 0.05S | L74: 50 | R74: bơm máy lai | S74: BOM: đã lưu 1 dòng vào DATA_GOC
A75: 46195.338 | B75: lekhamuoi@gmail.com | C75: SAVE_OK | D75: BOM | E75: 1544 | F75: 46195 | H75: 28C02986 | I75: Téc 3 | J75: Xuất nội bộ từ téc | K75: DO 0.05S | L75: 378 | M75: 97444 | N75: 98427 | O75: 983 | S75: BOM: đã lưu 1 dòng vào DATA_GOC
A76: 46195.338 | B76: lekhamuoi@gmail.com | C76: SAVE_OK | D76: BOM | E76: 1545 | F76: 46195 | H76: 28C05345 | I76: Téc 3 | J76: Xuất nội bộ từ téc | K76: DO 0.05S | L76: 246 | M76: 182820 | N76: 183113 | O76: 293 | S76: BOM: đã lưu 1 dòng vào DATA_GOC
A77: 46195.338 | B77: lekhamuoi@gmail.com | C77: SAVE_OK | D77: BOM | E77: 1546 | F77: 46195 | H77: 28C01406 | I77: Téc 3 | J77: Xuất nội bộ từ téc | K77: DO 0.05S | L77: 360 | M77: 17185 | N77: 18263 | O77: 1078 | S77: BOM: đã lưu 1 dòng vào DATA_GOC
A78: 46195.338 | B78: lekhamuoi@gmail.com | C78: SAVE_OK | D78: BOM | E78: 1547 | F78: 46195 | H78: Xúclật855H | I78: Téc 3 | J78: Xuất nội bộ từ téc | K78: DO 0.05S | L78: 175 | M78: 4326 | N78: 4340 | O78: 14 | S78: BOM: đã lưu 1 dòng vào DATA_GOC
A79: 46195.338 | B79: lekhamuoi@gmail.com | C79: SAVE_OK | D79: BOM | E79: 1548 | F79: 46195 | H79: Xúc Đào | I79: Dầu thủy lực | J79: Xuất nội bộ từ téc | K79: Dầu thủy lực | L79: 30 | R79: bổ sung | S79: BOM: đã lưu 1 dòng vào DATA_GOC
A80: 46195.338 | B80: lekhamuoi@gmail.com | C80: SAVE_OK | D80: BOM | E80: 1549 | F80: 46195 | H80: 28H01070 | I80: Téc 3 | J80: Xuất nội bộ từ téc | K80: DO 0.05S | L80: 350 | M80: 81275 | N80: 82028 | O80: 753 | S80: BOM: đã lưu 1 dòng vào DATA_GOC
A81: 46195.338 | B81: lekhamuoi@gmail.com | C81: SAVE_OK | D81: BOM | E81: 1550 | F81: 46195 | H81: 28C01544 | I81: Téc 3 | J81: Xuất nội bộ từ téc | K81: DO 0.05S | L81: 56 | M81: 478299 | N81: 479019 | O81: 720 | S81: BOM: đã lưu 1 dòng vào DATA_GOC
A82: 46195.338 | B82: lekhamuoi@gmail.com | C82: SAVE_OK | D82: BOM | E82: 1551 | F82: 46195 | H82: 28H00061 | I82: Téc 3 | J82: Xuất nội bộ từ téc | K82: DO 0.05S | L82: 160 | M82: 168271 | N82: 168604 | O82: 333 | S82: BOM: đã lưu 1 dòng vào DATA_GOC
A83: 46195.338 | B83: lekhamuoi@gmail.com | C83: SAVE_OK | D83: BOM | E83: 1552 | F83: 46195 | H83: 28C04509 | I83: Téc 3 | J83: Xuất nội bộ từ téc | K83: DO 0.05S | L83: 74 | M83: 320053 | N83: 321012 | O83: 959 | S83: BOM: đã lưu 1 dòng vào DATA_GOC
A84: 46195.418 | B84: lekhamuoi@gmail.com | C84: SAVE_OK | D84: BOM | E84: 1553 | F84: 46195 | H84: 28C00462 | I84: Téc 3 | J84: Xuất nội bộ từ téc | K84: DO 0.05S | L84: 40 | R84: bơm máy lai | S84: BOM: đã lưu 1 dòng vào DATA_GOC
A85: 46195.418 | B85: lekhamuoi@gmail.com | C85: SAVE_OK | D85: BOM | E85: 1554 | F85: 46195 | H85: 28H01364 | I85: Téc 3 | J85: Xuất nội bộ từ téc | K85: DO 0.05S | L85: 328 | M85: 61619 | N85: 62390 | O85: 771 | S85: BOM: đã lưu 1 dòng vào DATA_GOC
A86: 46196.286 | B86: lekhamuoi@gmail.com | C86: SAVE_OK | D86: BOM | E86: 1555 | F86: 46195 | H86: Công trình Asphalt | I86: Téc 3 | J86: Xuất nội bộ từ téc | K86: DO 0.05S | L86: 150 | R86: cty macma | S86: BOM: đã lưu 1 dòng vào DATA_GOC
A87: 46196.286 | B87: lekhamuoi@gmail.com | C87: SAVE_OK | D87: BOM | E87: 1556 | F87: 46195 | H87: 28H00354 | I87: Téc 3 | J87: Xuất nội bộ từ téc | K87: DO 0.05S | L87: 227 | M87: 100007 | N87: 100470 | O87: 463 | S87: BOM: đã lưu 1 dòng vào DATA_GOC
A88: 46196.286 | B88: lekhamuoi@gmail.com | C88: SAVE_OK | D88: BOM | E88: 1557 | F88: 46195 | H88: 28H00669 | I88: Téc 3 | J88: Xuất nội bộ từ téc | K88: DO 0.05S | L88: 370 | M88: 202105 | N88: 202829 | O88: 724 | S88: BOM: đã lưu 1 dòng vào DATA_GOC
A89: 46196.286 | B89: lekhamuoi@gmail.com | C89: SAVE_OK | D89: BOM | E89: 1558 | F89: 46195 | H89: Cát nghiền | I89: Dầu cầu | J89: Xuất nội bộ từ téc | K89: Dầu cầu | L89: 20 | R89: bổ sung máy nghiền | S89: BOM: đã lưu 1 dòng vào DATA_GOC
A90: 46196.424 | B90: lekhamuoi@gmail.com | C90: SAVE_OK | D90: BOM | E90: 1559 | F90: 46196 | H90: Xúclật855N | I90: Téc 3 | J90: Xuất nội bộ từ téc | K90: DO 0.05S | L90: 163 | M90: 8365 | N90: 8378 | O90: 13 | S90: BOM: đã lưu 1 dòng vào DATA_GOC
A91: 46196.424 | B91: lekhamuoi@gmail.com | C91: SAVE_OK | D91: BOM | E91: 1560 | F91: 46196 | H91: 28H00680 | I91: Téc 3 | J91: Xuất nội bộ từ téc | K91: DO 0.05S | L91: 477 | M91: 245687 | N91: 246656 | O91: 969 | S91: BOM: đã lưu 1 dòng vào DATA_GOC
A92: 46197.312 | B92: lekhamuoi@gmail.com | C92: SAVE_OK | D92: BOM | E92: 1561 | F92: 46196 | H92: 28C05345 | I92: Téc 3 | J92: Xuất nội bộ từ téc | K92: DO 0.05S | L92: 172 | M92: 183113 | N92: 183141 | O92: 28 | S92: BOM: đã lưu 1 dòng vào DATA_GOC
A93: 46197.312 | B93: lekhamuoi@gmail.com | C93: SAVE_OK | D93: BOM | E93: 1562 | F93: 46196 | H93: 28C01622 | I93: Téc 3 | J93: Xuất nội bộ từ téc | K93: DO 0.05S | L93: 370 | M93: 154468 | N93: 155180 | O93: 712 | S93: BOM: đã lưu 1 dòng vào DATA_GOC
A94: 46197.312 | B94: lekhamuoi@gmail.com | C94: SAVE_OK | D94: BOM | E94: 1563 | F94: 46196 | H94: 28H00609 | I94: Téc 3 | J94: Xuất nội bộ từ téc | K94: DO 0.05S | L94: 220 | M94: 105627 | N94: 106188 | O94: 561 | S94: BOM: đã lưu 1 dòng vào DATA_GOC
A95: 46197.312 | B95: lekhamuoi@gmail.com | C95: SAVE_OK | D95: BOM | E95: 1564 | F95: 46196 | H95: 28H00003 | I95: Téc 3 | J95: Xuất nội bộ từ téc | K95: DO 0.05S | L95: 400 | M95: 81166 | N95: 82258 | O95: 1092 | S95: BOM: đã lưu 1 dòng vào DATA_GOC
A96: 46197.312 | B96: lekhamuoi@gmail.com | C96: SAVE_OK | D96: BOM | E96: 1565 | F96: 46196 | H96: 28H00003 | I96: Dầu thủy lực | J96: Xuất nội bộ từ téc | K96: Dầu thủy lực | L96: 15 | R96: bồ sung bìnhdầu ben | S96: BOM: đã lưu 1 dòng vào DATA_GOC
A97: 46197.315 | B97: lekhamuoi@gmail.com | C97: SAVE_OK | D97: NHAP | E97: 1566 | F97: 46196 | H97: Quang Cường | I97: Téc 2 | J97: Nhập vào kho/téc | K97: DO 0.05S | L97: 22930 | P97: 23830 | Q97: 546421900 | R97: Xuân cương | S97: NHAP: đã lưu 1 dòng vào DATA_GOC
A98: 46197.649 | B98: lekhamuoi@gmail.com | C98: SAVE_OK | D98: BOM | E98: 1567 | F98: 46197 | H98: 28H00603 | I98: Téc 3 | J98: Xuất nội bộ từ téc | K98: DO 0.05S | L98: 230 | M98: 118036 | N98: 118501 | O98: 465 | S98: BOM: đã lưu 1 dòng vào DATA_GOC
A99: 46197.649 | B99: lekhamuoi@gmail.com | C99: SAVE_OK | D99: BOM | E99: 1568 | F99: 46197 | H99: 28H00061 | I99: Téc 3 | J99: Xuất nội bộ từ téc | K99: DO 0.05S | L99: 161 | M99: 168604 | N99: 168960 | O99: 356 | S99: BOM: đã lưu 1 dòng vào DATA_GOC
A100: 46197.649 | B100: lekhamuoi@gmail.com | C100: SAVE_OK | D100: BOM | E100: 1569 | F100: 46197 | H100: 28C06369 | I100: Téc 3 | J100: Xuất nội bộ từ téc | K100: DO 0.05S | L100: 208 | M100: 173617 | N100: 174042 | O100: 425 | S100: BOM: đã lưu 1 dòng vào DATA_GOC
...

Sheet BOM
A1: BOM — Nhập liệu bơm dầu
A3: Ngày | B3: 46209 | C3: ① Điền thông tin bên dưới | D3: → Điền xong nhấn chọn Lưu Bơm
A5: # | B5: Số phiếu | C5: Biển số / Phương tiện | D5: Téc / Nguồn | E5: Loại giao dịch | F5: Loại dầu | G5: Số lít | H5: KM cũ | I5: KM mới | J5: KM đi | K5: Ghi chú | L5: KM mới lần bơm gần nhất
J6: =IF(OR(H6="",I6=""),"",MAX(0,I6-H6)) | L6: =IFERROR(__xludf.DUMMYFUNCTION("IF($C6="""","""",IFERROR(INDEX(SORT(FILTER({DATA_GOC!$B$4:$B$49999,DATA_GOC!$P$4:$P$49999,DATA_GOC!$J$4:$J$49999},DATA_GOC!$A$4:$A$49999=""BOM"",TRIM(DATA_GOC!$D$4:$D$49999)=TRIM($C6),DATA_GOC!$J$4:$J$49999<>"""",DATA_GOC!$B$4:$B$49999<=$B$3),1,FALSE,2,FA"&"LSE),1,3),""Chưa có dữ liệu""))"),"")
J7: =IF(OR(H7="",I7=""),"",MAX(0,I7-H7)) | L7: =IFERROR(__xludf.DUMMYFUNCTION("IF($C7="""","""",IFERROR(INDEX(SORT(FILTER({DATA_GOC!$B$4:$B$49999,DATA_GOC!$P$4:$P$49999,DATA_GOC!$J$4:$J$49999},DATA_GOC!$A$4:$A$49999=""BOM"",TRIM(DATA_GOC!$D$4:$D$49999)=TRIM($C7),DATA_GOC!$J$4:$J$49999<>"""",DATA_GOC!$B$4:$B$49999<=$B$3),1,FALSE,2,FA"&"LSE),1,3),""Chưa có dữ liệu""))"),"")
A8: =IF(C8="","",ROW()-5) | J8: =IF(OR(H8="",I8=""),"",MAX(0,I8-H8)) | L8: =IFERROR(__xludf.DUMMYFUNCTION("IF($C8="""","""",IFERROR(INDEX(SORT(FILTER({DATA_GOC!$B$4:$B$49999,DATA_GOC!$P$4:$P$49999,DATA_GOC!$J$4:$J$49999},DATA_GOC!$A$4:$A$49999=""BOM"",TRIM(DATA_GOC!$D$4:$D$49999)=TRIM($C8),DATA_GOC!$J$4:$J$49999<>"""",DATA_GOC!$B$4:$B$49999<=$B$3),1,FALSE,2,FA"&"LSE),1,3),""Chưa có dữ liệu""))"),"")
A9: =IF(C9="","",ROW()-5) | J9: =IF(OR(H9="",I9=""),"",MAX(0,I9-H9)) | L9: =IFERROR(__xludf.DUMMYFUNCTION("IF($C9="""","""",IFERROR(INDEX(SORT(FILTER({DATA_GOC!$B$4:$B$49999,DATA_GOC!$P$4:$P$49999,DATA_GOC!$J$4:$J$49999},DATA_GOC!$A$4:$A$49999=""BOM"",TRIM(DATA_GOC!$D$4:$D$49999)=TRIM($C9),DATA_GOC!$J$4:$J$49999<>"""",DATA_GOC!$B$4:$B$49999<=$B$3),1,FALSE,2,FA"&"LSE),1,3),""Chưa có dữ liệu""))"),"")
A10: =IF(C10="","",ROW()-5) | J10: =IF(OR(H10="",I10=""),"",MAX(0,I10-H10)) | L10: =IFERROR(__xludf.DUMMYFUNCTION("IF($C10="""","""",IFERROR(INDEX(SORT(FILTER({DATA_GOC!$B$4:$B$49999,DATA_GOC!$P$4:$P$49999,DATA_GOC!$J$4:$J$49999},DATA_GOC!$A$4:$A$49999=""BOM"",TRIM(DATA_GOC!$D$4:$D$49999)=TRIM($C10),DATA_GOC!$J$4:$J$49999<>"""",DATA_GOC!$B$4:$B$49999<=$B$3),1,FALSE,2,"&"FALSE),1,3),""Chưa có dữ liệu""))"),"")
A11: =IF(C11="","",ROW()-5) | J11: =IF(OR(H11="",I11=""),"",MAX(0,I11-H11)) | L11: =IFERROR(__xludf.DUMMYFUNCTION("IF($C11="""","""",IFERROR(INDEX(SORT(FILTER({DATA_GOC!$B$4:$B$49999,DATA_GOC!$P$4:$P$49999,DATA_GOC!$J$4:$J$49999},DATA_GOC!$A$4:$A$49999=""BOM"",TRIM(DATA_GOC!$D$4:$D$49999)=TRIM($C11),DATA_GOC!$J$4:$J$49999<>"""",DATA_GOC!$B$4:$B$49999<=$B$3),1,FALSE,2,"&"FALSE),1,3),""Chưa có dữ liệu""))"),"")
A12: =IF(C12="","",ROW()-5) | J12: =IF(OR(H12="",I12=""),"",MAX(0,I12-H12)) | L12: =IFERROR(__xludf.DUMMYFUNCTION("IF($C12="""","""",IFERROR(INDEX(SORT(FILTER({DATA_GOC!$B$4:$B$49999,DATA_GOC!$P$4:$P$49999,DATA_GOC!$J$4:$J$49999},DATA_GOC!$A$4:$A$49999=""BOM"",TRIM(DATA_GOC!$D$4:$D$49999)=TRIM($C12),DATA_GOC!$J$4:$J$49999<>"""",DATA_GOC!$B$4:$B$49999<=$B$3),1,FALSE,2,"&"FALSE),1,3),""Chưa có dữ liệu""))"),"")
A13: =IF(C13="","",ROW()-5) | J13: =IF(OR(H13="",I13=""),"",MAX(0,I13-H13)) | L13: =IFERROR(__xludf.DUMMYFUNCTION("IF($C13="""","""",IFERROR(INDEX(SORT(FILTER({DATA_GOC!$B$4:$B$49999,DATA_GOC!$P$4:$P$49999,DATA_GOC!$J$4:$J$49999},DATA_GOC!$A$4:$A$49999=""BOM"",TRIM(DATA_GOC!$D$4:$D$49999)=TRIM($C13),DATA_GOC!$J$4:$J$49999<>"""",DATA_GOC!$B$4:$B$49999<=$B$3),1,FALSE,2,"&"FALSE),1,3),""Chưa có dữ liệu""))"),"")
A14: =IF(C14="","",ROW()-5) | J14: =IF(OR(H14="",I14=""),"",MAX(0,I14-H14)) | L14: =IFERROR(__xludf.DUMMYFUNCTION("IF($C14="""","""",IFERROR(INDEX(SORT(FILTER({DATA_GOC!$B$4:$B$49999,DATA_GOC!$P$4:$P$49999,DATA_GOC!$J$4:$J$49999},DATA_GOC!$A$4:$A$49999=""BOM"",TRIM(DATA_GOC!$D$4:$D$49999)=TRIM($C14),DATA_GOC!$J$4:$J$49999<>"""",DATA_GOC!$B$4:$B$49999<=$B$3),1,FALSE,2,"&"FALSE),1,3),""Chưa có dữ liệu""))"),"")
A15: =IF(C15="","",ROW()-5) | J15: =IF(OR(H15="",I15=""),"",MAX(0,I15-H15)) | L15: =IFERROR(__xludf.DUMMYFUNCTION("IF($C15="""","""",IFERROR(INDEX(SORT(FILTER({DATA_GOC!$B$4:$B$49999,DATA_GOC!$P$4:$P$49999,DATA_GOC!$J$4:$J$49999},DATA_GOC!$A$4:$A$49999=""BOM"",TRIM(DATA_GOC!$D$4:$D$49999)=TRIM($C15),DATA_GOC!$J$4:$J$49999<>"""",DATA_GOC!$B$4:$B$49999<=$B$3),1,FALSE,2,"&"FALSE),1,3),""Chưa có dữ liệu""))"),"")
A16: =IF(C16="","",ROW()-5) | J16: =IF(OR(H16="",I16=""),"",MAX(0,I16-H16)) | L16: =IFERROR(__xludf.DUMMYFUNCTION("IF($C16="""","""",IFERROR(INDEX(SORT(FILTER({DATA_GOC!$B$4:$B$49999,DATA_GOC!$P$4:$P$49999,DATA_GOC!$J$4:$J$49999},DATA_GOC!$A$4:$A$49999=""BOM"",TRIM(DATA_GOC!$D$4:$D$49999)=TRIM($C16),DATA_GOC!$J$4:$J$49999<>"""",DATA_GOC!$B$4:$B$49999<=$B$3),1,FALSE,2,"&"FALSE),1,3),""Chưa có dữ liệu""))"),"")
A17: =IF(C17="","",ROW()-5) | J17: =IF(OR(H17="",I17=""),"",MAX(0,I17-H17)) | L17: =IFERROR(__xludf.DUMMYFUNCTION("IF($C17="""","""",IFERROR(INDEX(SORT(FILTER({DATA_GOC!$B$4:$B$49999,DATA_GOC!$P$4:$P$49999,DATA_GOC!$J$4:$J$49999},DATA_GOC!$A$4:$A$49999=""BOM"",TRIM(DATA_GOC!$D$4:$D$49999)=TRIM($C17),DATA_GOC!$J$4:$J$49999<>"""",DATA_GOC!$B$4:$B$49999<=$B$3),1,FALSE,2,"&"FALSE),1,3),""Chưa có dữ liệu""))"),"")
A18: =IF(C18="","",ROW()-5) | J18: =IF(OR(H18="",I18=""),"",MAX(0,I18-H18)) | L18: =IFERROR(__xludf.DUMMYFUNCTION("IF($C18="""","""",IFERROR(INDEX(SORT(FILTER({DATA_GOC!$B$4:$B$49999,DATA_GOC!$P$4:$P$49999,DATA_GOC!$J$4:$J$49999},DATA_GOC!$A$4:$A$49999=""BOM"",TRIM(DATA_GOC!$D$4:$D$49999)=TRIM($C18),DATA_GOC!$J$4:$J$49999<>"""",DATA_GOC!$B$4:$B$49999<=$B$3),1,FALSE,2,"&"FALSE),1,3),""Chưa có dữ liệu""))"),"")
A19: =IF(C19="","",ROW()-5) | J19: =IF(OR(H19="",I19=""),"",MAX(0,I19-H19)) | L19: =IFERROR(__xludf.DUMMYFUNCTION("IF($C19="""","""",IFERROR(INDEX(SORT(FILTER({DATA_GOC!$B$4:$B$49999,DATA_GOC!$P$4:$P$49999,DATA_GOC!$J$4:$J$49999},DATA_GOC!$A$4:$A$49999=""BOM"",TRIM(DATA_GOC!$D$4:$D$49999)=TRIM($C19),DATA_GOC!$J$4:$J$49999<>"""",DATA_GOC!$B$4:$B$49999<=$B$3),1,FALSE,2,"&"FALSE),1,3),""Chưa có dữ liệu""))"),"")
A20: =IF(C20="","",ROW()-5) | J20: =IF(OR(H20="",I20=""),"",MAX(0,I20-H20)) | L20: =IFERROR(__xludf.DUMMYFUNCTION("IF($C20="""","""",IFERROR(INDEX(SORT(FILTER({DATA_GOC!$B$4:$B$49999,DATA_GOC!$P$4:$P$49999,DATA_GOC!$J$4:$J$49999},DATA_GOC!$A$4:$A$49999=""BOM"",TRIM(DATA_GOC!$D$4:$D$49999)=TRIM($C20),DATA_GOC!$J$4:$J$49999<>"""",DATA_GOC!$B$4:$B$49999<=$B$3),1,FALSE,2,"&"FALSE),1,3),""Chưa có dữ liệu""))"),"")
A21: =IF(C21="","",ROW()-5) | J21: =IF(OR(H21="",I21=""),"",MAX(0,I21-H21)) | L21: =IFERROR(__xludf.DUMMYFUNCTION("IF($C21="""","""",IFERROR(INDEX(SORT(FILTER({DATA_GOC!$B$4:$B$49999,DATA_GOC!$P$4:$P$49999,DATA_GOC!$J$4:$J$49999},DATA_GOC!$A$4:$A$49999=""BOM"",TRIM(DATA_GOC!$D$4:$D$49999)=TRIM($C21),DATA_GOC!$J$4:$J$49999<>"""",DATA_GOC!$B$4:$B$49999<=$B$3),1,FALSE,2,"&"FALSE),1,3),""Chưa có dữ liệu""))"),"")
A22: =IF(C22="","",ROW()-5) | J22: =IF(OR(H22="",I22=""),"",MAX(0,I22-H22)) | L22: =IFERROR(__xludf.DUMMYFUNCTION("IF($C22="""","""",IFERROR(INDEX(SORT(FILTER({DATA_GOC!$B$4:$B$49999,DATA_GOC!$P$4:$P$49999,DATA_GOC!$J$4:$J$49999},DATA_GOC!$A$4:$A$49999=""BOM"",TRIM(DATA_GOC!$D$4:$D$49999)=TRIM($C22),DATA_GOC!$J$4:$J$49999<>"""",DATA_GOC!$B$4:$B$49999<=$B$3),1,FALSE,2,"&"FALSE),1,3),""Chưa có dữ liệu""))"),"")
A23: =IF(C23="","",ROW()-5) | J23: =IF(OR(H23="",I23=""),"",MAX(0,I23-H23)) | L23: =IFERROR(__xludf.DUMMYFUNCTION("IF($C23="""","""",IFERROR(INDEX(SORT(FILTER({DATA_GOC!$B$4:$B$49999,DATA_GOC!$P$4:$P$49999,DATA_GOC!$J$4:$J$49999},DATA_GOC!$A$4:$A$49999=""BOM"",TRIM(DATA_GOC!$D$4:$D$49999)=TRIM($C23),DATA_GOC!$J$4:$J$49999<>"""",DATA_GOC!$B$4:$B$49999<=$B$3),1,FALSE,2,"&"FALSE),1,3),""Chưa có dữ liệu""))"),"")
A24: =IF(C24="","",ROW()-5) | J24: =IF(OR(H24="",I24=""),"",MAX(0,I24-H24)) | L24: =IFERROR(__xludf.DUMMYFUNCTION("IF($C24="""","""",IFERROR(INDEX(SORT(FILTER({DATA_GOC!$B$4:$B$49999,DATA_GOC!$P$4:$P$49999,DATA_GOC!$J$4:$J$49999},DATA_GOC!$A$4:$A$49999=""BOM"",TRIM(DATA_GOC!$D$4:$D$49999)=TRIM($C24),DATA_GOC!$J$4:$J$49999<>"""",DATA_GOC!$B$4:$B$49999<=$B$3),1,FALSE,2,"&"FALSE),1,3),""Chưa có dữ liệu""))"),"")
A25: =IF(C25="","",ROW()-5) | J25: =IF(OR(H25="",I25=""),"",MAX(0,I25-H25)) | L25: =IFERROR(__xludf.DUMMYFUNCTION("IF($C25="""","""",IFERROR(INDEX(SORT(FILTER({DATA_GOC!$B$4:$B$49999,DATA_GOC!$P$4:$P$49999,DATA_GOC!$J$4:$J$49999},DATA_GOC!$A$4:$A$49999=""BOM"",TRIM(DATA_GOC!$D$4:$D$49999)=TRIM($C25),DATA_GOC!$J$4:$J$49999<>"""",DATA_GOC!$B$4:$B$49999<=$B$3),1,FALSE,2,"&"FALSE),1,3),""Chưa có dữ liệu""))"),"")
A26: =IF(C26="","",ROW()-5) | J26: =IF(OR(H26="",I26=""),"",MAX(0,I26-H26)) | L26: =IFERROR(__xludf.DUMMYFUNCTION("IF($C26="""","""",IFERROR(INDEX(SORT(FILTER({DATA_GOC!$B$4:$B$49999,DATA_GOC!$P$4:$P$49999,DATA_GOC!$J$4:$J$49999},DATA_GOC!$A$4:$A$49999=""BOM"",TRIM(DATA_GOC!$D$4:$D$49999)=TRIM($C26),DATA_GOC!$J$4:$J$49999<>"""",DATA_GOC!$B$4:$B$49999<=$B$3),1,FALSE,2,"&"FALSE),1,3),""Chưa có dữ liệu""))"),"")
A27: =IF(C27="","",ROW()-5) | J27: =IF(OR(H27="",I27=""),"",MAX(0,I27-H27)) | L27: =IFERROR(__xludf.DUMMYFUNCTION("IF($C27="""","""",IFERROR(INDEX(SORT(FILTER({DATA_GOC!$B$4:$B$49999,DATA_GOC!$P$4:$P$49999,DATA_GOC!$J$4:$J$49999},DATA_GOC!$A$4:$A$49999=""BOM"",TRIM(DATA_GOC!$D$4:$D$49999)=TRIM($C27),DATA_GOC!$J$4:$J$49999<>"""",DATA_GOC!$B$4:$B$49999<=$B$3),1,FALSE,2,"&"FALSE),1,3),""Chưa có dữ liệu""))"),"")
A28: =IF(C28="","",ROW()-5) | J28: =IF(OR(H28="",I28=""),"",MAX(0,I28-H28)) | L28: =IFERROR(__xludf.DUMMYFUNCTION("IF($C28="""","""",IFERROR(INDEX(SORT(FILTER({DATA_GOC!$B$4:$B$49999,DATA_GOC!$P$4:$P$49999,DATA_GOC!$J$4:$J$49999},DATA_GOC!$A$4:$A$49999=""BOM"",TRIM(DATA_GOC!$D$4:$D$49999)=TRIM($C28),DATA_GOC!$J$4:$J$49999<>"""",DATA_GOC!$B$4:$B$49999<=$B$3),1,FALSE,2,"&"FALSE),1,3),""Chưa có dữ liệu""))"),"")
A29: =IF(C29="","",ROW()-5) | J29: =IF(OR(H29="",I29=""),"",MAX(0,I29-H29)) | L29: =IFERROR(__xludf.DUMMYFUNCTION("IF($C29="""","""",IFERROR(INDEX(SORT(FILTER({DATA_GOC!$B$4:$B$49999,DATA_GOC!$P$4:$P$49999,DATA_GOC!$J$4:$J$49999},DATA_GOC!$A$4:$A$49999=""BOM"",TRIM(DATA_GOC!$D$4:$D$49999)=TRIM($C29),DATA_GOC!$J$4:$J$49999<>"""",DATA_GOC!$B$4:$B$49999<=$B$3),1,FALSE,2,"&"FALSE),1,3),""Chưa có dữ liệu""))"),"")
A30: =IF(C30="","",ROW()-5) | J30: =IF(OR(H30="",I30=""),"",MAX(0,I30-H30)) | L30: =IFERROR(__xludf.DUMMYFUNCTION("IF($C30="""","""",IFERROR(INDEX(SORT(FILTER({DATA_GOC!$B$4:$B$49999,DATA_GOC!$P$4:$P$49999,DATA_GOC!$J$4:$J$49999},DATA_GOC!$A$4:$A$49999=""BOM"",TRIM(DATA_GOC!$D$4:$D$49999)=TRIM($C30),DATA_GOC!$J$4:$J$49999<>"""",DATA_GOC!$B$4:$B$49999<=$B$3),1,FALSE,2,"&"FALSE),1,3),""Chưa có dữ liệu""))"),"")
A31: =IF(C31="","",ROW()-5) | J31: =IF(OR(H31="",I31=""),"",MAX(0,I31-H31)) | L31: =IFERROR(__xludf.DUMMYFUNCTION("IF($C31="""","""",IFERROR(INDEX(SORT(FILTER({DATA_GOC!$B$4:$B$49999,DATA_GOC!$P$4:$P$49999,DATA_GOC!$J$4:$J$49999},DATA_GOC!$A$4:$A$49999=""BOM"",TRIM(DATA_GOC!$D$4:$D$49999)=TRIM($C31),DATA_GOC!$J$4:$J$49999<>"""",DATA_GOC!$B$4:$B$49999<=$B$3),1,FALSE,2,"&"FALSE),1,3),""Chưa có dữ liệu""))"),"")
A32: =IF(C32="","",ROW()-5) | J32: =IF(OR(H32="",I32=""),"",MAX(0,I32-H32)) | L32: =IFERROR(__xludf.DUMMYFUNCTION("IF($C32="""","""",IFERROR(INDEX(SORT(FILTER({DATA_GOC!$B$4:$B$49999,DATA_GOC!$P$4:$P$49999,DATA_GOC!$J$4:$J$49999},DATA_GOC!$A$4:$A$49999=""BOM"",TRIM(DATA_GOC!$D$4:$D$49999)=TRIM($C32),DATA_GOC!$J$4:$J$49999<>"""",DATA_GOC!$B$4:$B$49999<=$B$3),1,FALSE,2,"&"FALSE),1,3),""Chưa có dữ liệu""))"),"")
A33: =IF(C33="","",ROW()-5) | J33: =IF(OR(H33="",I33=""),"",MAX(0,I33-H33)) | L33: =IFERROR(__xludf.DUMMYFUNCTION("IF($C33="""","""",IFERROR(INDEX(SORT(FILTER({DATA_GOC!$B$4:$B$49999,DATA_GOC!$P$4:$P$49999,DATA_GOC!$J$4:$J$49999},DATA_GOC!$A$4:$A$49999=""BOM"",TRIM(DATA_GOC!$D$4:$D$49999)=TRIM($C33),DATA_GOC!$J$4:$J$49999<>"""",DATA_GOC!$B$4:$B$49999<=$B$3),1,FALSE,2,"&"FALSE),1,3),""Chưa có dữ liệu""))"),"")
A34: =IF(C34="","",ROW()-5) | J34: =IF(OR(H34="",I34=""),"",MAX(0,I34-H34)) | L34: =IFERROR(__xludf.DUMMYFUNCTION("IF($C34="""","""",IFERROR(INDEX(SORT(FILTER({DATA_GOC!$B$4:$B$49999,DATA_GOC!$P$4:$P$49999,DATA_GOC!$J$4:$J$49999},DATA_GOC!$A$4:$A$49999=""BOM"",TRIM(DATA_GOC!$D$4:$D$49999)=TRIM($C34),DATA_GOC!$J$4:$J$49999<>"""",DATA_GOC!$B$4:$B$49999<=$B$3),1,FALSE,2,"&"FALSE),1,3),""Chưa có dữ liệu""))"),"")
A35: =IF(C35="","",ROW()-5) | J35: =IF(OR(H35="",I35=""),"",MAX(0,I35-H35)) | L35: =IFERROR(__xludf.DUMMYFUNCTION("IF($C35="""","""",IFERROR(INDEX(SORT(FILTER({DATA_GOC!$B$4:$B$49999,DATA_GOC!$P$4:$P$49999,DATA_GOC!$J$4:$J$49999},DATA_GOC!$A$4:$A$49999=""BOM"",TRIM(DATA_GOC!$D$4:$D$49999)=TRIM($C35),DATA_GOC!$J$4:$J$49999<>"""",DATA_GOC!$B$4:$B$49999<=$B$3),1,FALSE,2,"&"FALSE),1,3),""Chưa có dữ liệu""))"),"")
A36: =IF(C36="","",ROW()-5) | J36: =IF(OR(H36="",I36=""),"",MAX(0,I36-H36)) | L36: =IFERROR(__xludf.DUMMYFUNCTION("IF($C36="""","""",IFERROR(INDEX(SORT(FILTER({DATA_GOC!$B$4:$B$49999,DATA_GOC!$P$4:$P$49999,DATA_GOC!$J$4:$J$49999},DATA_GOC!$A$4:$A$49999=""BOM"",TRIM(DATA_GOC!$D$4:$D$49999)=TRIM($C36),DATA_GOC!$J$4:$J$49999<>"""",DATA_GOC!$B$4:$B$49999<=$B$3),1,FALSE,2,"&"FALSE),1,3),""Chưa có dữ liệu""))"),"")
A37: =IF(C37="","",ROW()-5) | J37: =IF(OR(H37="",I37=""),"",MAX(0,I37-H37)) | L37: =IFERROR(__xludf.DUMMYFUNCTION("IF($C37="""","""",IFERROR(INDEX(SORT(FILTER({DATA_GOC!$B$4:$B$49999,DATA_GOC!$P$4:$P$49999,DATA_GOC!$J$4:$J$49999},DATA_GOC!$A$4:$A$49999=""BOM"",TRIM(DATA_GOC!$D$4:$D$49999)=TRIM($C37),DATA_GOC!$J$4:$J$49999<>"""",DATA_GOC!$B$4:$B$49999<=$B$3),1,FALSE,2,"&"FALSE),1,3),""Chưa có dữ liệu""))"),"")
A38: =IF(C38="","",ROW()-5) | J38: =IF(OR(H38="",I38=""),"",MAX(0,I38-H38)) | L38: =IFERROR(__xludf.DUMMYFUNCTION("IF($C38="""","""",IFERROR(INDEX(SORT(FILTER({DATA_GOC!$B$4:$B$49999,DATA_GOC!$P$4:$P$49999,DATA_GOC!$J$4:$J$49999},DATA_GOC!$A$4:$A$49999=""BOM"",TRIM(DATA_GOC!$D$4:$D$49999)=TRIM($C38),DATA_GOC!$J$4:$J$49999<>"""",DATA_GOC!$B$4:$B$49999<=$B$3),1,FALSE,2,"&"FALSE),1,3),""Chưa có dữ liệu""))"),"")
A39: =IF(C39="","",ROW()-5) | J39: =IF(OR(H39="",I39=""),"",MAX(0,I39-H39)) | L39: =IFERROR(__xludf.DUMMYFUNCTION("IF($C39="""","""",IFERROR(INDEX(SORT(FILTER({DATA_GOC!$B$4:$B$49999,DATA_GOC!$P$4:$P$49999,DATA_GOC!$J$4:$J$49999},DATA_GOC!$A$4:$A$49999=""BOM"",TRIM(DATA_GOC!$D$4:$D$49999)=TRIM($C39),DATA_GOC!$J$4:$J$49999<>"""",DATA_GOC!$B$4:$B$49999<=$B$3),1,FALSE,2,"&"FALSE),1,3),""Chưa có dữ liệu""))"),"")
A40: =IF(C40="","",ROW()-5) | J40: =IF(OR(H40="",I40=""),"",MAX(0,I40-H40)) | L40: =IFERROR(__xludf.DUMMYFUNCTION("IF($C40="""","""",IFERROR(INDEX(SORT(FILTER({DATA_GOC!$B$4:$B$49999,DATA_GOC!$P$4:$P$49999,DATA_GOC!$J$4:$J$49999},DATA_GOC!$A$4:$A$49999=""BOM"",TRIM(DATA_GOC!$D$4:$D$49999)=TRIM($C40),DATA_GOC!$J$4:$J$49999<>"""",DATA_GOC!$B$4:$B$49999<=$B$3),1,FALSE,2,"&"FALSE),1,3),""Chưa có dữ liệu""))"),"")
A41: =IF(C41="","",ROW()-5) | J41: =IF(OR(H41="",I41=""),"",MAX(0,I41-H41)) | L41: =IFERROR(__xludf.DUMMYFUNCTION("IF($C41="""","""",IFERROR(INDEX(SORT(FILTER({DATA_GOC!$B$4:$B$49999,DATA_GOC!$P$4:$P$49999,DATA_GOC!$J$4:$J$49999},DATA_GOC!$A$4:$A$49999=""BOM"",TRIM(DATA_GOC!$D$4:$D$49999)=TRIM($C41),DATA_GOC!$J$4:$J$49999<>"""",DATA_GOC!$B$4:$B$49999<=$B$3),1,FALSE,2,"&"FALSE),1,3),""Chưa có dữ liệu""))"),"")
A42: =IF(C42="","",ROW()-5) | J42: =IF(OR(H42="",I42=""),"",MAX(0,I42-H42)) | L42: =IFERROR(__xludf.DUMMYFUNCTION("IF($C42="""","""",IFERROR(INDEX(SORT(FILTER({DATA_GOC!$B$4:$B$49999,DATA_GOC!$P$4:$P$49999,DATA_GOC!$J$4:$J$49999},DATA_GOC!$A$4:$A$49999=""BOM"",TRIM(DATA_GOC!$D$4:$D$49999)=TRIM($C42),DATA_GOC!$J$4:$J$49999<>"""",DATA_GOC!$B$4:$B$49999<=$B$3),1,FALSE,2,"&"FALSE),1,3),""Chưa có dữ liệu""))"),"")
A43: =IF(C43="","",ROW()-5) | J43: =IF(OR(H43="",I43=""),"",MAX(0,I43-H43)) | L43: =IFERROR(__xludf.DUMMYFUNCTION("IF($C43="""","""",IFERROR(INDEX(SORT(FILTER({DATA_GOC!$B$4:$B$49999,DATA_GOC!$P$4:$P$49999,DATA_GOC!$J$4:$J$49999},DATA_GOC!$A$4:$A$49999=""BOM"",TRIM(DATA_GOC!$D$4:$D$49999)=TRIM($C43),DATA_GOC!$J$4:$J$49999<>"""",DATA_GOC!$B$4:$B$49999<=$B$3),1,FALSE,2,"&"FALSE),1,3),""Chưa có dữ liệu""))"),"")
A44: =IF(C44="","",ROW()-5) | J44: =IF(OR(H44="",I44=""),"",MAX(0,I44-H44)) | L44: =IFERROR(__xludf.DUMMYFUNCTION("IF($C44="""","""",IFERROR(INDEX(SORT(FILTER({DATA_GOC!$B$4:$B$49999,DATA_GOC!$P$4:$P$49999,DATA_GOC!$J$4:$J$49999},DATA_GOC!$A$4:$A$49999=""BOM"",TRIM(DATA_GOC!$D$4:$D$49999)=TRIM($C44),DATA_GOC!$J$4:$J$49999<>"""",DATA_GOC!$B$4:$B$49999<=$B$3),1,FALSE,2,"&"FALSE),1,3),""Chưa có dữ liệu""))"),"")
A45: =IF(C45="","",ROW()-5) | J45: =IF(OR(H45="",I45=""),"",MAX(0,I45-H45)) | L45: =IFERROR(__xludf.DUMMYFUNCTION("IF($C45="""","""",IFERROR(INDEX(SORT(FILTER({DATA_GOC!$B$4:$B$49999,DATA_GOC!$P$4:$P$49999,DATA_GOC!$J$4:$J$49999},DATA_GOC!$A$4:$A$49999=""BOM"",TRIM(DATA_GOC!$D$4:$D$49999)=TRIM($C45),DATA_GOC!$J$4:$J$49999<>"""",DATA_GOC!$B$4:$B$49999<=$B$3),1,FALSE,2,"&"FALSE),1,3),""Chưa có dữ liệu""))"),"")
A46: =IF(C46="","",ROW()-5) | J46: =IF(OR(H46="",I46=""),"",MAX(0,I46-H46)) | L46: =IFERROR(__xludf.DUMMYFUNCTION("IF($C46="""","""",IFERROR(INDEX(SORT(FILTER({DATA_GOC!$B$4:$B$49999,DATA_GOC!$P$4:$P$49999,DATA_GOC!$J$4:$J$49999},DATA_GOC!$A$4:$A$49999=""BOM"",TRIM(DATA_GOC!$D$4:$D$49999)=TRIM($C46),DATA_GOC!$J$4:$J$49999<>"""",DATA_GOC!$B$4:$B$49999<=$B$3),1,FALSE,2,"&"FALSE),1,3),""Chưa có dữ liệu""))"),"")
A47: =IF(C47="","",ROW()-5) | J47: =IF(OR(H47="",I47=""),"",MAX(0,I47-H47)) | L47: =IFERROR(__xludf.DUMMYFUNCTION("IF($C47="""","""",IFERROR(INDEX(SORT(FILTER({DATA_GOC!$B$4:$B$49999,DATA_GOC!$P$4:$P$49999,DATA_GOC!$J$4:$J$49999},DATA_GOC!$A$4:$A$49999=""BOM"",TRIM(DATA_GOC!$D$4:$D$49999)=TRIM($C47),DATA_GOC!$J$4:$J$49999<>"""",DATA_GOC!$B$4:$B$49999<=$B$3),1,FALSE,2,"&"FALSE),1,3),""Chưa có dữ liệu""))"),"")
A48: =IF(C48="","",ROW()-5) | J48: =IF(OR(H48="",I48=""),"",MAX(0,I48-H48)) | L48: =IFERROR(__xludf.DUMMYFUNCTION("IF($C48="""","""",IFERROR(INDEX(SORT(FILTER({DATA_GOC!$B$4:$B$49999,DATA_GOC!$P$4:$P$49999,DATA_GOC!$J$4:$J$49999},DATA_GOC!$A$4:$A$49999=""BOM"",TRIM(DATA_GOC!$D$4:$D$49999)=TRIM($C48),DATA_GOC!$J$4:$J$49999<>"""",DATA_GOC!$B$4:$B$49999<=$B$3),1,FALSE,2,"&"FALSE),1,3),""Chưa có dữ liệu""))"),"")
A49: =IF(C49="","",ROW()-5) | J49: =IF(OR(H49="",I49=""),"",MAX(0,I49-H49)) | L49: =IFERROR(__xludf.DUMMYFUNCTION("IF($C49="""","""",IFERROR(INDEX(SORT(FILTER({DATA_GOC!$B$4:$B$49999,DATA_GOC!$P$4:$P$49999,DATA_GOC!$J$4:$J$49999},DATA_GOC!$A$4:$A$49999=""BOM"",TRIM(DATA_GOC!$D$4:$D$49999)=TRIM($C49),DATA_GOC!$J$4:$J$49999<>"""",DATA_GOC!$B$4:$B$49999<=$B$3),1,FALSE,2,"&"FALSE),1,3),""Chưa có dữ liệu""))"),"")
A50: =IF(C50="","",ROW()-5) | J50: =IF(OR(H50="",I50=""),"",MAX(0,I50-H50)) | L50: =IFERROR(__xludf.DUMMYFUNCTION("IF($C50="""","""",IFERROR(INDEX(SORT(FILTER({DATA_GOC!$B$4:$B$49999,DATA_GOC!$P$4:$P$49999,DATA_GOC!$J$4:$J$49999},DATA_GOC!$A$4:$A$49999=""BOM"",TRIM(DATA_GOC!$D$4:$D$49999)=TRIM($C50),DATA_GOC!$J$4:$J$49999<>"""",DATA_GOC!$B$4:$B$49999<=$B$3),1,FALSE,2,"&"FALSE),1,3),""Chưa có dữ liệu""))"),"")
A51: =IF(C51="","",ROW()-5) | J51: =IF(OR(H51="",I51=""),"",MAX(0,I51-H51)) | L51: =IFERROR(__xludf.DUMMYFUNCTION("IF($C51="""","""",IFERROR(INDEX(SORT(FILTER({DATA_GOC!$B$4:$B$49999,DATA_GOC!$P$4:$P$49999,DATA_GOC!$J$4:$J$49999},DATA_GOC!$A$4:$A$49999=""BOM"",TRIM(DATA_GOC!$D$4:$D$49999)=TRIM($C51),DATA_GOC!$J$4:$J$49999<>"""",DATA_GOC!$B$4:$B$49999<=$B$3),1,FALSE,2,"&"FALSE),1,3),""Chưa có dữ liệu""))"),"")
A52: =IF(C52="","",ROW()-5) | J52: =IF(OR(H52="",I52=""),"",MAX(0,I52-H52)) | L52: =IFERROR(__xludf.DUMMYFUNCTION("IF($C52="""","""",IFERROR(INDEX(SORT(FILTER({DATA_GOC!$B$4:$B$49999,DATA_GOC!$P$4:$P$49999,DATA_GOC!$J$4:$J$49999},DATA_GOC!$A$4:$A$49999=""BOM"",TRIM(DATA_GOC!$D$4:$D$49999)=TRIM($C52),DATA_GOC!$J$4:$J$49999<>"""",DATA_GOC!$B$4:$B$49999<=$B$3),1,FALSE,2,"&"FALSE),1,3),""Chưa có dữ liệu""))"),"")
A53: =IF(C53="","",ROW()-5) | J53: =IF(OR(H53="",I53=""),"",MAX(0,I53-H53)) | L53: =IFERROR(__xludf.DUMMYFUNCTION("IF($C53="""","""",IFERROR(INDEX(SORT(FILTER({DATA_GOC!$B$4:$B$49999,DATA_GOC!$P$4:$P$49999,DATA_GOC!$J$4:$J$49999},DATA_GOC!$A$4:$A$49999=""BOM"",TRIM(DATA_GOC!$D$4:$D$49999)=TRIM($C53),DATA_GOC!$J$4:$J$49999<>"""",DATA_GOC!$B$4:$B$49999<=$B$3),1,FALSE,2,"&"FALSE),1,3),""Chưa có dữ liệu""))"),"")
A54: =IF(C54="","",ROW()-5) | J54: =IF(OR(H54="",I54=""),"",MAX(0,I54-H54)) | L54: =IFERROR(__xludf.DUMMYFUNCTION("IF($C54="""","""",IFERROR(INDEX(SORT(FILTER({DATA_GOC!$B$4:$B$49999,DATA_GOC!$P$4:$P$49999,DATA_GOC!$J$4:$J$49999},DATA_GOC!$A$4:$A$49999=""BOM"",TRIM(DATA_GOC!$D$4:$D$49999)=TRIM($C54),DATA_GOC!$J$4:$J$49999<>"""",DATA_GOC!$B$4:$B$49999<=$B$3),1,FALSE,2,"&"FALSE),1,3),""Chưa có dữ liệu""))"),"")
A55: =IF(C55="","",ROW()-5) | J55: =IF(OR(H55="",I55=""),"",MAX(0,I55-H55)) | L55: =IFERROR(__xludf.DUMMYFUNCTION("IF($C55="""","""",IFERROR(INDEX(SORT(FILTER({DATA_GOC!$B$4:$B$49999,DATA_GOC!$P$4:$P$49999,DATA_GOC!$J$4:$J$49999},DATA_GOC!$A$4:$A$49999=""BOM"",TRIM(DATA_GOC!$D$4:$D$49999)=TRIM($C55),DATA_GOC!$J$4:$J$49999<>"""",DATA_GOC!$B$4:$B$49999<=$B$3),1,FALSE,2,"&"FALSE),1,3),""Chưa có dữ liệu""))"),"")
A56: =IF(C56="","",ROW()-5) | J56: =IF(OR(H56="",I56=""),"",MAX(0,I56-H56)) | L56: =IFERROR(__xludf.DUMMYFUNCTION("IF($C56="""","""",IFERROR(INDEX(SORT(FILTER({DATA_GOC!$B$4:$B$49999,DATA_GOC!$P$4:$P$49999,DATA_GOC!$J$4:$J$49999},DATA_GOC!$A$4:$A$49999=""BOM"",TRIM(DATA_GOC!$D$4:$D$49999)=TRIM($C56),DATA_GOC!$J$4:$J$49999<>"""",DATA_GOC!$B$4:$B$49999<=$B$3),1,FALSE,2,"&"FALSE),1,3),""Chưa có dữ liệu""))"),"")
A57: =IF(C57="","",ROW()-5) | J57: =IF(OR(H57="",I57=""),"",MAX(0,I57-H57)) | L57: =IFERROR(__xludf.DUMMYFUNCTION("IF($C57="""","""",IFERROR(INDEX(SORT(FILTER({DATA_GOC!$B$4:$B$49999,DATA_GOC!$P$4:$P$49999,DATA_GOC!$J$4:$J$49999},DATA_GOC!$A$4:$A$49999=""BOM"",TRIM(DATA_GOC!$D$4:$D$49999)=TRIM($C57),DATA_GOC!$J$4:$J$49999<>"""",DATA_GOC!$B$4:$B$49999<=$B$3),1,FALSE,2,"&"FALSE),1,3),""Chưa có dữ liệu""))"),"")
A58: =IF(C58="","",ROW()-5) | J58: =IF(OR(H58="",I58=""),"",MAX(0,I58-H58)) | L58: =IFERROR(__xludf.DUMMYFUNCTION("IF($C58="""","""",IFERROR(INDEX(SORT(FILTER({DATA_GOC!$B$4:$B$49999,DATA_GOC!$P$4:$P$49999,DATA_GOC!$J$4:$J$49999},DATA_GOC!$A$4:$A$49999=""BOM"",TRIM(DATA_GOC!$D$4:$D$49999)=TRIM($C58),DATA_GOC!$J$4:$J$49999<>"""",DATA_GOC!$B$4:$B$49999<=$B$3),1,FALSE,2,"&"FALSE),1,3),""Chưa có dữ liệu""))"),"")
A59: =IF(C59="","",ROW()-5) | J59: =IF(OR(H59="",I59=""),"",MAX(0,I59-H59)) | L59: =IFERROR(__xludf.DUMMYFUNCTION("IF($C59="""","""",IFERROR(INDEX(SORT(FILTER({DATA_GOC!$B$4:$B$49999,DATA_GOC!$P$4:$P$49999,DATA_GOC!$J$4:$J$49999},DATA_GOC!$A$4:$A$49999=""BOM"",TRIM(DATA_GOC!$D$4:$D$49999)=TRIM($C59),DATA_GOC!$J$4:$J$49999<>"""",DATA_GOC!$B$4:$B$49999<=$B$3),1,FALSE,2,"&"FALSE),1,3),""Chưa có dữ liệu""))"),"")
A60: =IF(C60="","",ROW()-5) | J60: =IF(OR(H60="",I60=""),"",MAX(0,I60-H60)) | L60: =IFERROR(__xludf.DUMMYFUNCTION("IF($C60="""","""",IFERROR(INDEX(SORT(FILTER({DATA_GOC!$B$4:$B$49999,DATA_GOC!$P$4:$P$49999,DATA_GOC!$J$4:$J$49999},DATA_GOC!$A$4:$A$49999=""BOM"",TRIM(DATA_GOC!$D$4:$D$49999)=TRIM($C60),DATA_GOC!$J$4:$J$49999<>"""",DATA_GOC!$B$4:$B$49999<=$B$3),1,FALSE,2,"&"FALSE),1,3),""Chưa có dữ liệu""))"),"")
A61: =IF(C61="","",ROW()-5) | J61: =IF(OR(H61="",I61=""),"",MAX(0,I61-H61)) | L61: =IFERROR(__xludf.DUMMYFUNCTION("IF($C61="""","""",IFERROR(INDEX(SORT(FILTER({DATA_GOC!$B$4:$B$49999,DATA_GOC!$P$4:$P$49999,DATA_GOC!$J$4:$J$49999},DATA_GOC!$A$4:$A$49999=""BOM"",TRIM(DATA_GOC!$D$4:$D$49999)=TRIM($C61),DATA_GOC!$J$4:$J$49999<>"""",DATA_GOC!$B$4:$B$49999<=$B$3),1,FALSE,2,"&"FALSE),1,3),""Chưa có dữ liệu""))"),"")
A62: =IF(C62="","",ROW()-5) | J62: =IF(OR(H62="",I62=""),"",MAX(0,I62-H62)) | L62: =IFERROR(__xludf.DUMMYFUNCTION("IF($C62="""","""",IFERROR(INDEX(SORT(FILTER({DATA_GOC!$B$4:$B$49999,DATA_GOC!$P$4:$P$49999,DATA_GOC!$J$4:$J$49999},DATA_GOC!$A$4:$A$49999=""BOM"",TRIM(DATA_GOC!$D$4:$D$49999)=TRIM($C62),DATA_GOC!$J$4:$J$49999<>"""",DATA_GOC!$B$4:$B$49999<=$B$3),1,FALSE,2,"&"FALSE),1,3),""Chưa có dữ liệu""))"),"")
A63: =IF(C63="","",ROW()-5) | J63: =IF(OR(H63="",I63=""),"",MAX(0,I63-H63)) | L63: =IFERROR(__xludf.DUMMYFUNCTION("IF($C63="""","""",IFERROR(INDEX(SORT(FILTER({DATA_GOC!$B$4:$B$49999,DATA_GOC!$P$4:$P$49999,DATA_GOC!$J$4:$J$49999},DATA_GOC!$A$4:$A$49999=""BOM"",TRIM(DATA_GOC!$D$4:$D$49999)=TRIM($C63),DATA_GOC!$J$4:$J$49999<>"""",DATA_GOC!$B$4:$B$49999<=$B$3),1,FALSE,2,"&"FALSE),1,3),""Chưa có dữ liệu""))"),"")
A64: =IF(C64="","",ROW()-5) | J64: =IF(OR(H64="",I64=""),"",MAX(0,I64-H64)) | L64: =IFERROR(__xludf.DUMMYFUNCTION("IF($C64="""","""",IFERROR(INDEX(SORT(FILTER({DATA_GOC!$B$4:$B$49999,DATA_GOC!$P$4:$P$49999,DATA_GOC!$J$4:$J$49999},DATA_GOC!$A$4:$A$49999=""BOM"",TRIM(DATA_GOC!$D$4:$D$49999)=TRIM($C64),DATA_GOC!$J$4:$J$49999<>"""",DATA_GOC!$B$4:$B$49999<=$B$3),1,FALSE,2,"&"FALSE),1,3),""Chưa có dữ liệu""))"),"")
A65: =IF(C65="","",ROW()-5) | J65: =IF(OR(H65="",I65=""),"",MAX(0,I65-H65)) | L65: =IFERROR(__xludf.DUMMYFUNCTION("IF($C65="""","""",IFERROR(INDEX(SORT(FILTER({DATA_GOC!$B$4:$B$49999,DATA_GOC!$P$4:$P$49999,DATA_GOC!$J$4:$J$49999},DATA_GOC!$A$4:$A$49999=""BOM"",TRIM(DATA_GOC!$D$4:$D$49999)=TRIM($C65),DATA_GOC!$J$4:$J$49999<>"""",DATA_GOC!$B$4:$B$49999<=$B$3),1,FALSE,2,"&"FALSE),1,3),""Chưa có dữ liệu""))"),"")
A66: =IF(C66="","",ROW()-5) | J66: =IF(OR(H66="",I66=""),"",MAX(0,I66-H66)) | L66: =IFERROR(__xludf.DUMMYFUNCTION("IF($C66="""","""",IFERROR(INDEX(SORT(FILTER({DATA_GOC!$B$4:$B$49999,DATA_GOC!$P$4:$P$49999,DATA_GOC!$J$4:$J$49999},DATA_GOC!$A$4:$A$49999=""BOM"",TRIM(DATA_GOC!$D$4:$D$49999)=TRIM($C66),DATA_GOC!$J$4:$J$49999<>"""",DATA_GOC!$B$4:$B$49999<=$B$3),1,FALSE,2,"&"FALSE),1,3),""Chưa có dữ liệu""))"),"")
A67: =IF(C67="","",ROW()-5) | J67: =IF(OR(H67="",I67=""),"",MAX(0,I67-H67)) | L67: =IFERROR(__xludf.DUMMYFUNCTION("IF($C67="""","""",IFERROR(INDEX(SORT(FILTER({DATA_GOC!$B$4:$B$49999,DATA_GOC!$P$4:$P$49999,DATA_GOC!$J$4:$J$49999},DATA_GOC!$A$4:$A$49999=""BOM"",TRIM(DATA_GOC!$D$4:$D$49999)=TRIM($C67),DATA_GOC!$J$4:$J$49999<>"""",DATA_GOC!$B$4:$B$49999<=$B$3),1,FALSE,2,"&"FALSE),1,3),""Chưa có dữ liệu""))"),"")
A68: =IF(C68="","",ROW()-5) | J68: =IF(OR(H68="",I68=""),"",MAX(0,I68-H68)) | L68: =IFERROR(__xludf.DUMMYFUNCTION("IF($C68="""","""",IFERROR(INDEX(SORT(FILTER({DATA_GOC!$B$4:$B$49999,DATA_GOC!$P$4:$P$49999,DATA_GOC!$J$4:$J$49999},DATA_GOC!$A$4:$A$49999=""BOM"",TRIM(DATA_GOC!$D$4:$D$49999)=TRIM($C68),DATA_GOC!$J$4:$J$49999<>"""",DATA_GOC!$B$4:$B$49999<=$B$3),1,FALSE,2,"&"FALSE),1,3),""Chưa có dữ liệu""))"),"")
A69: =IF(C69="","",ROW()-5) | J69: =IF(OR(H69="",I69=""),"",MAX(0,I69-H69)) | L69: =IFERROR(__xludf.DUMMYFUNCTION("IF($C69="""","""",IFERROR(INDEX(SORT(FILTER({DATA_GOC!$B$4:$B$49999,DATA_GOC!$P$4:$P$49999,DATA_GOC!$J$4:$J$49999},DATA_GOC!$A$4:$A$49999=""BOM"",TRIM(DATA_GOC!$D$4:$D$49999)=TRIM($C69),DATA_GOC!$J$4:$J$49999<>"""",DATA_GOC!$B$4:$B$49999<=$B$3),1,FALSE,2,"&"FALSE),1,3),""Chưa có dữ liệu""))"),"")
A70: =IF(C70="","",ROW()-5) | J70: =IF(OR(H70="",I70=""),"",MAX(0,I70-H70)) | L70: =IFERROR(__xludf.DUMMYFUNCTION("IF($C70="""","""",IFERROR(INDEX(SORT(FILTER({DATA_GOC!$B$4:$B$49999,DATA_GOC!$P$4:$P$49999,DATA_GOC!$J$4:$J$49999},DATA_GOC!$A$4:$A$49999=""BOM"",TRIM(DATA_GOC!$D$4:$D$49999)=TRIM($C70),DATA_GOC!$J$4:$J$49999<>"""",DATA_GOC!$B$4:$B$49999<=$B$3),1,FALSE,2,"&"FALSE),1,3),""Chưa có dữ liệu""))"),"")
A71: =IF(C71="","",ROW()-5) | J71: =IF(OR(H71="",I71=""),"",MAX(0,I71-H71)) | L71: =IFERROR(__xludf.DUMMYFUNCTION("IF($C71="""","""",IFERROR(INDEX(SORT(FILTER({DATA_GOC!$B$4:$B$49999,DATA_GOC!$P$4:$P$49999,DATA_GOC!$J$4:$J$49999},DATA_GOC!$A$4:$A$49999=""BOM"",TRIM(DATA_GOC!$D$4:$D$49999)=TRIM($C71),DATA_GOC!$J$4:$J$49999<>"""",DATA_GOC!$B$4:$B$49999<=$B$3),1,FALSE,2,"&"FALSE),1,3),""Chưa có dữ liệu""))"),"")
A72: =IF(C72="","",ROW()-5) | J72: =IF(OR(H72="",I72=""),"",MAX(0,I72-H72)) | L72: =IFERROR(__xludf.DUMMYFUNCTION("IF($C72="""","""",IFERROR(INDEX(SORT(FILTER({DATA_GOC!$B$4:$B$49999,DATA_GOC!$P$4:$P$49999,DATA_GOC!$J$4:$J$49999},DATA_GOC!$A$4:$A$49999=""BOM"",TRIM(DATA_GOC!$D$4:$D$49999)=TRIM($C72),DATA_GOC!$J$4:$J$49999<>"""",DATA_GOC!$B$4:$B$49999<=$B$3),1,FALSE,2,"&"FALSE),1,3),""Chưa có dữ liệu""))"),"")
A73: =IF(C73="","",ROW()-5) | J73: =IF(OR(H73="",I73=""),"",MAX(0,I73-H73)) | L73: =IFERROR(__xludf.DUMMYFUNCTION("IF($C73="""","""",IFERROR(INDEX(SORT(FILTER({DATA_GOC!$B$4:$B$49999,DATA_GOC!$P$4:$P$49999,DATA_GOC!$J$4:$J$49999},DATA_GOC!$A$4:$A$49999=""BOM"",TRIM(DATA_GOC!$D$4:$D$49999)=TRIM($C73),DATA_GOC!$J$4:$J$49999<>"""",DATA_GOC!$B$4:$B$49999<=$B$3),1,FALSE,2,"&"FALSE),1,3),""Chưa có dữ liệu""))"),"")
A74: =IF(C74="","",ROW()-5) | J74: =IF(OR(H74="",I74=""),"",MAX(0,I74-H74)) | L74: =IFERROR(__xludf.DUMMYFUNCTION("IF($C74="""","""",IFERROR(INDEX(SORT(FILTER({DATA_GOC!$B$4:$B$49999,DATA_GOC!$P$4:$P$49999,DATA_GOC!$J$4:$J$49999},DATA_GOC!$A$4:$A$49999=""BOM"",TRIM(DATA_GOC!$D$4:$D$49999)=TRIM($C74),DATA_GOC!$J$4:$J$49999<>"""",DATA_GOC!$B$4:$B$49999<=$B$3),1,FALSE,2,"&"FALSE),1,3),""Chưa có dữ liệu""))"),"")
A75: =IF(C75="","",ROW()-5) | J75: =IF(OR(H75="",I75=""),"",MAX(0,I75-H75)) | L75: =IFERROR(__xludf.DUMMYFUNCTION("IF($C75="""","""",IFERROR(INDEX(SORT(FILTER({DATA_GOC!$B$4:$B$49999,DATA_GOC!$P$4:$P$49999,DATA_GOC!$J$4:$J$49999},DATA_GOC!$A$4:$A$49999=""BOM"",TRIM(DATA_GOC!$D$4:$D$49999)=TRIM($C75),DATA_GOC!$J$4:$J$49999<>"""",DATA_GOC!$B$4:$B$49999<=$B$3),1,FALSE,2,"&"FALSE),1,3),""Chưa có dữ liệu""))"),"")
A76: =IF(C76="","",ROW()-5) | J76: =IF(OR(H76="",I76=""),"",MAX(0,I76-H76)) | L76: =IFERROR(__xludf.DUMMYFUNCTION("IF($C76="""","""",IFERROR(INDEX(SORT(FILTER({DATA_GOC!$B$4:$B$49999,DATA_GOC!$P$4:$P$49999,DATA_GOC!$J$4:$J$49999},DATA_GOC!$A$4:$A$49999=""BOM"",TRIM(DATA_GOC!$D$4:$D$49999)=TRIM($C76),DATA_GOC!$J$4:$J$49999<>"""",DATA_GOC!$B$4:$B$49999<=$B$3),1,FALSE,2,"&"FALSE),1,3),""Chưa có dữ liệu""))"),"")
A77: =IF(C77="","",ROW()-5) | J77: =IF(OR(H77="",I77=""),"",MAX(0,I77-H77)) | L77: =IFERROR(__xludf.DUMMYFUNCTION("IF($C77="""","""",IFERROR(INDEX(SORT(FILTER({DATA_GOC!$B$4:$B$49999,DATA_GOC!$P$4:$P$49999,DATA_GOC!$J$4:$J$49999},DATA_GOC!$A$4:$A$49999=""BOM"",TRIM(DATA_GOC!$D$4:$D$49999)=TRIM($C77),DATA_GOC!$J$4:$J$49999<>"""",DATA_GOC!$B$4:$B$49999<=$B$3),1,FALSE,2,"&"FALSE),1,3),""Chưa có dữ liệu""))"),"")
A78: =IF(C78="","",ROW()-5) | J78: =IF(OR(H78="",I78=""),"",MAX(0,I78-H78)) | L78: =IFERROR(__xludf.DUMMYFUNCTION("IF($C78="""","""",IFERROR(INDEX(SORT(FILTER({DATA_GOC!$B$4:$B$49999,DATA_GOC!$P$4:$P$49999,DATA_GOC!$J$4:$J$49999},DATA_GOC!$A$4:$A$49999=""BOM"",TRIM(DATA_GOC!$D$4:$D$49999)=TRIM($C78),DATA_GOC!$J$4:$J$49999<>"""",DATA_GOC!$B$4:$B$49999<=$B$3),1,FALSE,2,"&"FALSE),1,3),""Chưa có dữ liệu""))"),"")
A79: =IF(C79="","",ROW()-5) | J79: =IF(OR(H79="",I79=""),"",MAX(0,I79-H79)) | L79: =IFERROR(__xludf.DUMMYFUNCTION("IF($C79="""","""",IFERROR(INDEX(SORT(FILTER({DATA_GOC!$B$4:$B$49999,DATA_GOC!$P$4:$P$49999,DATA_GOC!$J$4:$J$49999},DATA_GOC!$A$4:$A$49999=""BOM"",TRIM(DATA_GOC!$D$4:$D$49999)=TRIM($C79),DATA_GOC!$J$4:$J$49999<>"""",DATA_GOC!$B$4:$B$49999<=$B$3),1,FALSE,2,"&"FALSE),1,3),""Chưa có dữ liệu""))"),"")
A80: =IF(C80="","",ROW()-5) | J80: =IF(OR(H80="",I80=""),"",MAX(0,I80-H80)) | L80: =IFERROR(__xludf.DUMMYFUNCTION("IF($C80="""","""",IFERROR(INDEX(SORT(FILTER({DATA_GOC!$B$4:$B$49999,DATA_GOC!$P$4:$P$49999,DATA_GOC!$J$4:$J$49999},DATA_GOC!$A$4:$A$49999=""BOM"",TRIM(DATA_GOC!$D$4:$D$49999)=TRIM($C80),DATA_GOC!$J$4:$J$49999<>"""",DATA_GOC!$B$4:$B$49999<=$B$3),1,FALSE,2,"&"FALSE),1,3),""Chưa có dữ liệu""))"),"")
A81: =IF(C81="","",ROW()-5) | J81: =IF(OR(H81="",I81=""),"",MAX(0,I81-H81)) | L81: =IFERROR(__xludf.DUMMYFUNCTION("IF($C81="""","""",IFERROR(INDEX(SORT(FILTER({DATA_GOC!$B$4:$B$49999,DATA_GOC!$P$4:$P$49999,DATA_GOC!$J$4:$J$49999},DATA_GOC!$A$4:$A$49999=""BOM"",TRIM(DATA_GOC!$D$4:$D$49999)=TRIM($C81),DATA_GOC!$J$4:$J$49999<>"""",DATA_GOC!$B$4:$B$49999<=$B$3),1,FALSE,2,"&"FALSE),1,3),""Chưa có dữ liệu""))"),"")
A82: =IF(C82="","",ROW()-5) | J82: =IF(OR(H82="",I82=""),"",MAX(0,I82-H82)) | L82: =IFERROR(__xludf.DUMMYFUNCTION("IF($C82="""","""",IFERROR(INDEX(SORT(FILTER({DATA_GOC!$B$4:$B$49999,DATA_GOC!$P$4:$P$49999,DATA_GOC!$J$4:$J$49999},DATA_GOC!$A$4:$A$49999=""BOM"",TRIM(DATA_GOC!$D$4:$D$49999)=TRIM($C82),DATA_GOC!$J$4:$J$49999<>"""",DATA_GOC!$B$4:$B$49999<=$B$3),1,FALSE,2,"&"FALSE),1,3),""Chưa có dữ liệu""))"),"")
A83: =IF(C83="","",ROW()-5) | J83: =IF(OR(H83="",I83=""),"",MAX(0,I83-H83)) | L83: =IFERROR(__xludf.DUMMYFUNCTION("IF($C83="""","""",IFERROR(INDEX(SORT(FILTER({DATA_GOC!$B$4:$B$49999,DATA_GOC!$P$4:$P$49999,DATA_GOC!$J$4:$J$49999},DATA_GOC!$A$4:$A$49999=""BOM"",TRIM(DATA_GOC!$D$4:$D$49999)=TRIM($C83),DATA_GOC!$J$4:$J$49999<>"""",DATA_GOC!$B$4:$B$49999<=$B$3),1,FALSE,2,"&"FALSE),1,3),""Chưa có dữ liệu""))"),"")
A84: =IF(C84="","",ROW()-5) | J84: =IF(OR(H84="",I84=""),"",MAX(0,I84-H84)) | L84: =IFERROR(__xludf.DUMMYFUNCTION("IF($C84="""","""",IFERROR(INDEX(SORT(FILTER({DATA_GOC!$B$4:$B$49999,DATA_GOC!$P$4:$P$49999,DATA_GOC!$J$4:$J$49999},DATA_GOC!$A$4:$A$49999=""BOM"",TRIM(DATA_GOC!$D$4:$D$49999)=TRIM($C84),DATA_GOC!$J$4:$J$49999<>"""",DATA_GOC!$B$4:$B$49999<=$B$3),1,FALSE,2,"&"FALSE),1,3),""Chưa có dữ liệu""))"),"")
A85: =IF(C85="","",ROW()-5) | J85: =IF(OR(H85="",I85=""),"",MAX(0,I85-H85)) | L85: =IFERROR(__xludf.DUMMYFUNCTION("IF($C85="""","""",IFERROR(INDEX(SORT(FILTER({DATA_GOC!$B$4:$B$49999,DATA_GOC!$P$4:$P$49999,DATA_GOC!$J$4:$J$49999},DATA_GOC!$A$4:$A$49999=""BOM"",TRIM(DATA_GOC!$D$4:$D$49999)=TRIM($C85),DATA_GOC!$J$4:$J$49999<>"""",DATA_GOC!$B$4:$B$49999<=$B$3),1,FALSE,2,"&"FALSE),1,3),""Chưa có dữ liệu""))"),"")
A86: =IF(C86="","",ROW()-5) | J86: =IF(OR(H86="",I86=""),"",MAX(0,I86-H86)) | L86: =IFERROR(__xludf.DUMMYFUNCTION("IF($C86="""","""",IFERROR(INDEX(SORT(FILTER({DATA_GOC!$B$4:$B$49999,DATA_GOC!$P$4:$P$49999,DATA_GOC!$J$4:$J$49999},DATA_GOC!$A$4:$A$49999=""BOM"",TRIM(DATA_GOC!$D$4:$D$49999)=TRIM($C86),DATA_GOC!$J$4:$J$49999<>"""",DATA_GOC!$B$4:$B$49999<=$B$3),1,FALSE,2,"&"FALSE),1,3),""Chưa có dữ liệu""))"),"")
A87: =IF(C87="","",ROW()-5) | J87: =IF(OR(H87="",I87=""),"",MAX(0,I87-H87)) | L87: =IFERROR(__xludf.DUMMYFUNCTION("IF($C87="""","""",IFERROR(INDEX(SORT(FILTER({DATA_GOC!$B$4:$B$49999,DATA_GOC!$P$4:$P$49999,DATA_GOC!$J$4:$J$49999},DATA_GOC!$A$4:$A$49999=""BOM"",TRIM(DATA_GOC!$D$4:$D$49999)=TRIM($C87),DATA_GOC!$J$4:$J$49999<>"""",DATA_GOC!$B$4:$B$49999<=$B$3),1,FALSE,2,"&"FALSE),1,3),""Chưa có dữ liệu""))"),"")
A88: =IF(C88="","",ROW()-5) | J88: =IF(OR(H88="",I88=""),"",MAX(0,I88-H88)) | L88: =IFERROR(__xludf.DUMMYFUNCTION("IF($C88="""","""",IFERROR(INDEX(SORT(FILTER({DATA_GOC!$B$4:$B$49999,DATA_GOC!$P$4:$P$49999,DATA_GOC!$J$4:$J$49999},DATA_GOC!$A$4:$A$49999=""BOM"",TRIM(DATA_GOC!$D$4:$D$49999)=TRIM($C88),DATA_GOC!$J$4:$J$49999<>"""",DATA_GOC!$B$4:$B$49999<=$B$3),1,FALSE,2,"&"FALSE),1,3),""Chưa có dữ liệu""))"),"")
A89: =IF(C89="","",ROW()-5) | J89: =IF(OR(H89="",I89=""),"",MAX(0,I89-H89)) | L89: =IFERROR(__xludf.DUMMYFUNCTION("IF($C89="""","""",IFERROR(INDEX(SORT(FILTER({DATA_GOC!$B$4:$B$49999,DATA_GOC!$P$4:$P$49999,DATA_GOC!$J$4:$J$49999},DATA_GOC!$A$4:$A$49999=""BOM"",TRIM(DATA_GOC!$D$4:$D$49999)=TRIM($C89),DATA_GOC!$J$4:$J$49999<>"""",DATA_GOC!$B$4:$B$49999<=$B$3),1,FALSE,2,"&"FALSE),1,3),""Chưa có dữ liệu""))"),"")
A90: =IF(C90="","",ROW()-5) | J90: =IF(OR(H90="",I90=""),"",MAX(0,I90-H90)) | L90: =IFERROR(__xludf.DUMMYFUNCTION("IF($C90="""","""",IFERROR(INDEX(SORT(FILTER({DATA_GOC!$B$4:$B$49999,DATA_GOC!$P$4:$P$49999,DATA_GOC!$J$4:$J$49999},DATA_GOC!$A$4:$A$49999=""BOM"",TRIM(DATA_GOC!$D$4:$D$49999)=TRIM($C90),DATA_GOC!$J$4:$J$49999<>"""",DATA_GOC!$B$4:$B$49999<=$B$3),1,FALSE,2,"&"FALSE),1,3),""Chưa có dữ liệu""))"),"")
A91: =IF(C91="","",ROW()-5) | J91: =IF(OR(H91="",I91=""),"",MAX(0,I91-H91)) | L91: =IFERROR(__xludf.DUMMYFUNCTION("IF($C91="""","""",IFERROR(INDEX(SORT(FILTER({DATA_GOC!$B$4:$B$49999,DATA_GOC!$P$4:$P$49999,DATA_GOC!$J$4:$J$49999},DATA_GOC!$A$4:$A$49999=""BOM"",TRIM(DATA_GOC!$D$4:$D$49999)=TRIM($C91),DATA_GOC!$J$4:$J$49999<>"""",DATA_GOC!$B$4:$B$49999<=$B$3),1,FALSE,2,"&"FALSE),1,3),""Chưa có dữ liệu""))"),"")
A92: =IF(C92="","",ROW()-5) | J92: =IF(OR(H92="",I92=""),"",MAX(0,I92-H92)) | L92: =IFERROR(__xludf.DUMMYFUNCTION("IF($C92="""","""",IFERROR(INDEX(SORT(FILTER({DATA_GOC!$B$4:$B$49999,DATA_GOC!$P$4:$P$49999,DATA_GOC!$J$4:$J$49999},DATA_GOC!$A$4:$A$49999=""BOM"",TRIM(DATA_GOC!$D$4:$D$49999)=TRIM($C92),DATA_GOC!$J$4:$J$49999<>"""",DATA_GOC!$B$4:$B$49999<=$B$3),1,FALSE,2,"&"FALSE),1,3),""Chưa có dữ liệu""))"),"")
A93: =IF(C93="","",ROW()-5) | J93: =IF(OR(H93="",I93=""),"",MAX(0,I93-H93)) | L93: =IFERROR(__xludf.DUMMYFUNCTION("IF($C93="""","""",IFERROR(INDEX(SORT(FILTER({DATA_GOC!$B$4:$B$49999,DATA_GOC!$P$4:$P$49999,DATA_GOC!$J$4:$J$49999},DATA_GOC!$A$4:$A$49999=""BOM"",TRIM(DATA_GOC!$D$4:$D$49999)=TRIM($C93),DATA_GOC!$J$4:$J$49999<>"""",DATA_GOC!$B$4:$B$49999<=$B$3),1,FALSE,2,"&"FALSE),1,3),""Chưa có dữ liệu""))"),"")
A94: =IF(C94="","",ROW()-5) | J94: =IF(OR(H94="",I94=""),"",MAX(0,I94-H94)) | L94: =IFERROR(__xludf.DUMMYFUNCTION("IF($C94="""","""",IFERROR(INDEX(SORT(FILTER({DATA_GOC!$B$4:$B$49999,DATA_GOC!$P$4:$P$49999,DATA_GOC!$J$4:$J$49999},DATA_GOC!$A$4:$A$49999=""BOM"",TRIM(DATA_GOC!$D$4:$D$49999)=TRIM($C94),DATA_GOC!$J$4:$J$49999<>"""",DATA_GOC!$B$4:$B$49999<=$B$3),1,FALSE,2,"&"FALSE),1,3),""Chưa có dữ liệu""))"),"")
A95: =IF(C95="","",ROW()-5) | J95: =IF(OR(H95="",I95=""),"",MAX(0,I95-H95)) | L95: =IFERROR(__xludf.DUMMYFUNCTION("IF($C95="""","""",IFERROR(INDEX(SORT(FILTER({DATA_GOC!$B$4:$B$49999,DATA_GOC!$P$4:$P$49999,DATA_GOC!$J$4:$J$49999},DATA_GOC!$A$4:$A$49999=""BOM"",TRIM(DATA_GOC!$D$4:$D$49999)=TRIM($C95),DATA_GOC!$J$4:$J$49999<>"""",DATA_GOC!$B$4:$B$49999<=$B$3),1,FALSE,2,"&"FALSE),1,3),""Chưa có dữ liệu""))"),"")
A96: =IF(C96="","",ROW()-5) | J96: =IF(OR(H96="",I96=""),"",MAX(0,I96-H96)) | L96: =IFERROR(__xludf.DUMMYFUNCTION("IF($C96="""","""",IFERROR(INDEX(SORT(FILTER({DATA_GOC!$B$4:$B$49999,DATA_GOC!$P$4:$P$49999,DATA_GOC!$J$4:$J$49999},DATA_GOC!$A$4:$A$49999=""BOM"",TRIM(DATA_GOC!$D$4:$D$49999)=TRIM($C96),DATA_GOC!$J$4:$J$49999<>"""",DATA_GOC!$B$4:$B$49999<=$B$3),1,FALSE,2,"&"FALSE),1,3),""Chưa có dữ liệu""))"),"")
A97: =IF(C97="","",ROW()-5) | J97: =IF(OR(H97="",I97=""),"",MAX(0,I97-H97)) | L97: =IFERROR(__xludf.DUMMYFUNCTION("IF($C97="""","""",IFERROR(INDEX(SORT(FILTER({DATA_GOC!$B$4:$B$49999,DATA_GOC!$P$4:$P$49999,DATA_GOC!$J$4:$J$49999},DATA_GOC!$A$4:$A$49999=""BOM"",TRIM(DATA_GOC!$D$4:$D$49999)=TRIM($C97),DATA_GOC!$J$4:$J$49999<>"""",DATA_GOC!$B$4:$B$49999<=$B$3),1,FALSE,2,"&"FALSE),1,3),""Chưa có dữ liệu""))"),"")
A98: =IF(C98="","",ROW()-5) | J98: =IF(OR(H98="",I98=""),"",MAX(0,I98-H98)) | L98: =IFERROR(__xludf.DUMMYFUNCTION("IF($C98="""","""",IFERROR(INDEX(SORT(FILTER({DATA_GOC!$B$4:$B$49999,DATA_GOC!$P$4:$P$49999,DATA_GOC!$J$4:$J$49999},DATA_GOC!$A$4:$A$49999=""BOM"",TRIM(DATA_GOC!$D$4:$D$49999)=TRIM($C98),DATA_GOC!$J$4:$J$49999<>"""",DATA_GOC!$B$4:$B$49999<=$B$3),1,FALSE,2,"&"FALSE),1,3),""Chưa có dữ liệu""))"),"")
A99: =IF(C99="","",ROW()-5) | J99: =IF(OR(H99="",I99=""),"",MAX(0,I99-H99)) | L99: =IFERROR(__xludf.DUMMYFUNCTION("IF($C99="""","""",IFERROR(INDEX(SORT(FILTER({DATA_GOC!$B$4:$B$49999,DATA_GOC!$P$4:$P$49999,DATA_GOC!$J$4:$J$49999},DATA_GOC!$A$4:$A$49999=""BOM"",TRIM(DATA_GOC!$D$4:$D$49999)=TRIM($C99),DATA_GOC!$J$4:$J$49999<>"""",DATA_GOC!$B$4:$B$49999<=$B$3),1,FALSE,2,"&"FALSE),1,3),""Chưa có dữ liệu""))"),"")
A100: =IF(C100="","",ROW()-5) | J100: =IF(OR(H100="",I100=""),"",MAX(0,I100-H100)) | L100: =IFERROR(__xludf.DUMMYFUNCTION("IF($C100="""","""",IFERROR(INDEX(SORT(FILTER({DATA_GOC!$B$4:$B$49999,DATA_GOC!$P$4:$P$49999,DATA_GOC!$J$4:$J$49999},DATA_GOC!$A$4:$A$49999=""BOM"",TRIM(DATA_GOC!$D$4:$D$49999)=TRIM($C100),DATA_GOC!$J$4:$J$49999<>"""",DATA_GOC!$B$4:$B$49999<=$B$3),1,FALSE,"&"2,FALSE),1,3),""Chưa có dữ liệu""))"),"")
A101: =IF(C101="","",ROW()-5) | J101: =IF(OR(H101="",I101=""),"",MAX(0,I101-H101)) | L101: =IFERROR(__xludf.DUMMYFUNCTION("IF($C101="""","""",IFERROR(INDEX(SORT(FILTER({DATA_GOC!$B$4:$B$49999,DATA_GOC!$P$4:$P$49999,DATA_GOC!$J$4:$J$49999},DATA_GOC!$A$4:$A$49999=""BOM"",TRIM(DATA_GOC!$D$4:$D$49999)=TRIM($C101),DATA_GOC!$J$4:$J$49999<>"""",DATA_GOC!$B$4:$B$49999<=$B$3),1,FALSE,"&"2,FALSE),1,3),""Chưa có dữ liệu""))"),"")
A102: =IF(C102="","",ROW()-5) | J102: =IF(OR(H102="",I102=""),"",MAX(0,I102-H102)) | L102: =IFERROR(__xludf.DUMMYFUNCTION("IF($C102="""","""",IFERROR(INDEX(SORT(FILTER({DATA_GOC!$B$4:$B$49999,DATA_GOC!$P$4:$P$49999,DATA_GOC!$J$4:$J$49999},DATA_GOC!$A$4:$A$49999=""BOM"",TRIM(DATA_GOC!$D$4:$D$49999)=TRIM($C102),DATA_GOC!$J$4:$J$49999<>"""",DATA_GOC!$B$4:$B$49999<=$B$3),1,FALSE,"&"2,FALSE),1,3),""Chưa có dữ liệu""))"),"")
...

Sheet NHAP
A1: NHAP — Nhập dầu vào kho / téc
A3: Ngày | B3: 46209 | C3: ① Điền thông tin bên dưới | D3: → Điền xong nhấn Lưu Nhập
A5: # | B5: Số phiếu/HĐ | C5: Nhà cung cấp | D5: Téc nhận dầu | E5: Loại dầu | F5: Số lít nhập | G5: Đơn giá (đ/L) | H5: Thành tiền | I5: Ghi chú
A6: =IF(D6="","",ROW()-5) | H6: =IF(OR(F6="",G6=""),"",F6*G6)
A7: =IF(D7="","",ROW()-5) | H7: =IF(OR(F7="",G7=""),"",F7*G7)
A8: =IF(D8="","",ROW()-5) | H8: =IF(OR(F8="",G8=""),"",F8*G8)
A9: =IF(D9="","",ROW()-5) | H9: =IF(OR(F9="",G9=""),"",F9*G9)
A10: =IF(D10="","",ROW()-5) | H10: =IF(OR(F10="",G10=""),"",F10*G10)
A11: =IF(D11="","",ROW()-5) | H11: =IF(OR(F11="",G11=""),"",F11*G11)
A12: =IF(D12="","",ROW()-5) | H12: =IF(OR(F12="",G12=""),"",F12*G12)
A13: =IF(D13="","",ROW()-5) | H13: =IF(OR(F13="",G13=""),"",F13*G13)
A14: =IF(D14="","",ROW()-5) | H14: =IF(OR(F14="",G14=""),"",F14*G14)
A15: =IF(D15="","",ROW()-5) | H15: =IF(OR(F15="",G15=""),"",F15*G15)
A16: =IF(D16="","",ROW()-5) | H16: =IF(OR(F16="",G16=""),"",F16*G16)
A17: =IF(D17="","",ROW()-5) | H17: =IF(OR(F17="",G17=""),"",F17*G17)
... A55: =IF(D55="","",ROW()-5) | H55: =IF(OR(F55="",G55=""),"",F55*G55)

Sheet TINH_TEC
A1: TỊNH TÉC — Chốt tịnh âm / tịnh dương | AM1: Số xe đang phân bổ
AM2: =MIN(60,COUNTA(DANH_MUC!$E$4:$E$997)) -> 60
A3: Tồn sổ (J) = Tồn đầu F + Nhập H − Xuất I | Tịnh âm (K) = MAX(0, J − G thực tế) | Tịnh dương (L) = MAX(0, G − J) | Q3: Dropdown R5 đã được chuẩn hóa bằng named range LIST_KY_TINH; Cột C dùng LIST_TEC_NGUON. | AM3: Capacity kỳ tịnh: 150; capacity xe: 60
Q4: 2) DASHBOARD TỊNH ĐANG XEM
A5: Kỳ ID | B5: Trạng thái | C5: Téc | D5: Ngày bắt đầu | E5: Ngày chốt/hết | F5: Tồn đầu còn sót (tự nhập) | G5: Tồn thực tế ← KT kho nhập | H5: Nhập kỳ (tự tính) | I5: Xuất ĐH (tự tính) | J5: Tồn sổ (tự tính) | K5: Tịnh âm (tự tính) | L5: Tịnh dương (tự tính) | M5: Tháng | N5: Năm | O5: Ghi chú | Q5: Chọn KyTinhID | R5: 1 | S5: Trạng thái | T5: {=IFERROR(INDEX($B$6:$B$155,MATCH($R$5,$A$6:$A$155,0)),"")} -> Đã chốt | U5: Téc | V5: {=IFERROR(INDEX($C$6:$C$155,MATCH($R$5,$A$6:$A$155,0)),"")} -> Téc 1 | W5: Từ ngày | X5: {=IFERROR(INDEX($D$6:$D$155,MATCH($R$5,$A$6:$A$155,0)),"")} -> 46132 | Y5: Đến ngày | Z5: {=IFERROR(INDEX($E$6:$E$155,MATCH($R$5,$A$6:$A$155,0)),"")} -> 46153 | AA5: Số ngày | AB5: =IF(OR($X$5="",$Z$5=""),"",$Z$5-$X$5+1) -> 22
A6: 1 | B6: Đã chốt | C6: Téc 1 | D6: 46132 | E6: 46153 | H6: =IF(OR($C6="",$D6="",$E6=""),"",SUMIFS(DATA_GOC!$H:$H,DATA_GOC!$A:$A,"NHAP",DATA_GOC!$E:$E,$C6,DATA_GOC!$B:$B,">="&$D6,DATA_GOC!$B:$B,"<="&$E6)) -> 14160 | I6: =IF(OR($C6="",$D6="",$E6=""),"",SUMIFS(DATA_GOC!$H:$H,DATA_GOC!$A:$A,"BOM",DATA_GOC!$E:$E,$C6,DATA_GOC!$F:$F,"Xuất nội bộ từ téc",DATA_GOC!$B:$B,">="&$D6,DATA_GOC!$B:$B,"<="&$E6)) -> 13789 | J6: =IF($I6="","",N($F6)+N($H6)-N($I6)) -> 371 | K6: =IF($J6="","",MAX(0,N($J6)-N($G6))) -> 371 | L6: =IF($J6="","",MAX(0,N($G6)-N($J6))) -> 0 | M6: =IF($E6="","",MONTH($E6)) -> 5 | N6: =IF($E6="","",YEAR($E6)) -> 2026
A7: 2 | B7: Đã chốt | C7: Téc 1 | D7: 46082 | E7: 46121 | H7: =IF(OR($C7="",$D7="",$E7=""),"",SUMIFS(DATA_GOC!$H:$H,DATA_GOC!$A:$A,"NHAP",DATA_GOC!$E:$E,$C7,DATA_GOC!$B:$B,">="&$D7,DATA_GOC!$B:$B,"<="&$E7)) -> 8745 | I7: =IF(OR($C7="",$D7="",$E7=""),"",SUMIFS(DATA_GOC!$H:$H,DATA_GOC!$A:$A,"BOM",DATA_GOC!$E:$E,$C7,DATA_GOC!$F:$F,"Xuất nội bộ từ téc",DATA_GOC!$B:$B,">="&$D7,DATA_GOC!$B:$B,"<="&$E7)) -> 8680 | J7: =IF($I7="","",N($F7)+N($H7)-N($I7)) -> 65 | K7: =IF($J7="","",MAX(0,N($J7)-N($G7))) -> 65 | L7: =IF($J7="","",MAX(0,N($G7)-N($J7))) -> 0 | M7: =IF($E7="","",MONTH($E7)) -> 4 | N7: =IF($E7="","",YEAR($E7)) -> 2026 | Q7: Tồn đầu/sót | T7: Nhập trong kỳ | W7: Xuất đồng hồ | Z7: Tồn sổ trước chốt | AC7: Tồn thực tế | AF7: Tịnh âm tổng | AI7: Tịnh dương tổng
A8: 3 | B8: Đã chốt | C8: Téc 1 | D8: 46056 | E8: 46079 | H8: =IF(OR($C8="",$D8="",$E8=""),"",SUMIFS(DATA_GOC!$H:$H,DATA_GOC!$A:$A,"NHAP",DATA_GOC!$E:$E,$C8,DATA_GOC!$B:$B,">="&$D8,DATA_GOC!$B:$B,"<="&$E8)) -> 11173 | I8: =IF(OR($C8="",$D8="",$E8=""),"",SUMIFS(DATA_GOC!$H:$H,DATA_GOC!$A:$A,"BOM",DATA_GOC!$E:$E,$C8,DATA_GOC!$F:$F,"Xuất nội bộ từ téc",DATA_GOC!$B:$B,">="&$D8,DATA_GOC!$B:$B,"<="&$E8)) -> 10823 | J8: =IF($I8="","",N($F8)+N($H8)-N($I8)) -> 350 | K8: =IF($J8="","",MAX(0,N($J8)-N($G8))) -> 350 | L8: =IF($J8="","",MAX(0,N($G8)-N($J8))) -> 0 | M8: =IF($E8="","",MONTH($E8)) -> 2 | N8: =IF($E8="","",YEAR($E8)) -> 2026 | Q8: {=IFERROR(INDEX($F$6:$F$155,MATCH($R$5,$A$6:$A$155,0)),"")} | T8: {=IFERROR(INDEX($H$6:$H$155,MATCH($R$5,$A$6:$A$155,0)),"")} -> 14160 | W8: {=IFERROR(INDEX($I$6:$I$155,MATCH($R$5,$A$6:$A$155,0)),"")} -> 13789 | Z8: {=IFERROR(INDEX($J$6:$J$155,MATCH($R$5,$A$6:$A$155,0)),"")} -> 371 | AC8: {=IFERROR(INDEX($G$6:$G$155,MATCH($R$5,$A$6:$A$155,0)),"")} | AF8: {=IFERROR(INDEX($K$6:$K$155,MATCH($R$5,$A$6:$A$155,0)),"")} -> 371 | AI8: {=IFERROR(INDEX($L$6:$L$155,MATCH($R$5,$A$6:$A$155,0)),"")} -> 0
A9: 4 | B9: Đã chốt | C9: Téc 2 | D9: 46023 | E9: 46035 | F9: 104 | H9: =IF(OR($C9="",$D9="",$E9=""),"",SUMIFS(DATA_GOC!$H:$H,DATA_GOC!$A:$A,"NHAP",DATA_GOC!$E:$E,$C9,DATA_GOC!$B:$B,">="&$D9,DATA_GOC!$B:$B,"<="&$E9)) -> 21270 | I9: =IF(OR($C9="",$D9="",$E9=""),"",SUMIFS(DATA_GOC!$H:$H,DATA_GOC!$A:$A,"BOM",DATA_GOC!$E:$E,$C9,DATA_GOC!$F:$F,"Xuất nội bộ từ téc",DATA_GOC!$B:$B,">="&$D9,DATA_GOC!$B:$B,"<="&$E9)) -> 20617 | J9: =IF($I9="","",N($F9)+N($H9)-N($I9)) -> 757 | K9: =IF($J9="","",MAX(0,N($J9)-N($G9))) -> 757 | L9: =IF($J9="","",MAX(0,N($G9)-N($J9))) -> 0 | M9: =IF($E9="","",MONTH($E9)) -> 1 | N9: =IF($E9="","",YEAR($E9)) -> 2026
A10: 5 | B10: Đã chốt | C10: Téc 2 | D10: 46046 | E10: 46057 | H10: =IF(OR($C10="",$D10="",$E10=""),"",SUMIFS(DATA_GOC!$H:$H,DATA_GOC!$A:$A,"NHAP",DATA_GOC!$E:$E,$C10,DATA_GOC!$B:$B,">="&$D10,DATA_GOC!$B:$B,"<="&$E10)) -> 22930 | I10: =IF(OR($C10="",$D10="",$E10=""),"",SUMIFS(DATA_GOC!$H:$H,DATA_GOC!$A:$A,"BOM",DATA_GOC!$E:$E,$C10,DATA_GOC!$F:$F,"Xuất nội bộ từ téc",DATA_GOC!$B:$B,">="&$D10,DATA_GOC!$B:$B,"<="&$E10)) -> 22574 | J10: =IF($I10="","",N($F10)+N($H10)-N($I10)) -> 356 | K10: =IF($J10="","",MAX(0,N($J10)-N($G10))) -> 356 | L10: =IF($J10="","",MAX(0,N($G10)-N($J10))) -> 0 | M10: =IF($E10="","",MONTH($E10)) -> 2 | N10: =IF($E10="","",YEAR($E10)) -> 2026 | Q10: # | R10: Xe / phương tiện | S10: Lít bơm kỳ | T10: Tỷ trọng | U10: Tịnh âm PB | V10: Tịnh dương PB | W10: Tiêu hao sau tịnh
A11: 6 | B11: Đã chốt | C11: Téc 2 | D11: 46058 | E11: 46079 | H11: =IF(OR($C11="",$D11="",$E11=""),"",SUMIFS(DATA_GOC!$H:$H,DATA_GOC!$A:$A,"NHAP",DATA_GOC!$E:$E,$C11,DATA_GOC!$B:$B,">="&$D11,DATA_GOC!$B:$B,"<="&$E11)) -> 8745 | I11: =IF(OR($C11="",$D11="",$E11=""),"",SUMIFS(DATA_GOC!$H:$H,DATA_GOC!$A:$A,"BOM",DATA_GOC!$E:$E,$C11,DATA_GOC!$F:$F,"Xuất nội bộ từ téc",DATA_GOC!$B:$B,">="&$D11,DATA_GOC!$B:$B,"<="&$E11)) -> 8473 | J11: =IF($I11="","",N($F11)+N($H11)-N($I11)) -> 272 | K11: =IF($J11="","",MAX(0,N($J11)-N($G11))) -> 272 | L11: =IF($J11="","",MAX(0,N($G11)-N($J11))) -> 0 | M11: =IF($E11="","",MONTH($E11)) -> 2 | N11: =IF($E11="","",YEAR($E11)) -> 2026 | Q11: =IF($B168="","",$A168) -> 1 | R11: =IF($B168="","",$B168) -> 19H09482 | S11: =IF($B168="","",$AH168) -> 480 | T11: =IF($B168="","",$AI168) -> 0.034810356 | U11: =IF($B168="","",$AJ168) -> 12.915 | V11: =IF($B168="","",$AK168) -> 0 | W11: =IF($B168="","",$AL168) -> 492.915
A12: 7 | B12: Đã chốt | C12: Téc 2 | D12: 46082 | E12: 46118 | H12: =IF(OR($C12="",$D12="",$E12=""),"",SUMIFS(DATA_GOC!$H:$H,DATA_GOC!$A:$A,"NHAP",DATA_GOC!$E:$E,$C12,DATA_GOC!$B:$B,">="&$D12,DATA_GOC!$B:$B,"<="&$E12)) -> 29435 | I12: =IF(OR($C12="",$D12="",$E12=""),"",SUMIFS(DATA_GOC!$H:$H,DATA_GOC!$A:$A,"BOM",DATA_GOC!$E:$E,$C12,DATA_GOC!$F:$F,"Xuất nội bộ từ téc",DATA_GOC!$B:$B,">="&$D12,DATA_GOC!$B:$B,"<="&$E12)) -> 28426 | J12: =IF($I12="","",N($F12)+N($H12)-N($I12)) -> 1009 | K12: =IF($J12="","",MAX(0,N($J12)-N($G12))) -> 1009 | L12: =IF($J12="","",MAX(0,N($G12)-N($J12))) -> 0 | M12: =IF($E12="","",MONTH($E12)) -> 4 | N12: =IF($E12="","",YEAR($E12)) -> 2026 | Q12: =IF($B169="","",$A169) -> 2 | R12: =IF($B169="","",$B169) -> 28A30696 | S12: =IF($B169="","",$AH169) -> 35 | T12: =IF($B169="","",$AI169) -> 0.0025382551 | U12: =IF($B169="","",$AJ169) -> 0.942 | V12: =IF($B169="","",$AK169) -> 0 | W12: =IF($B169="","",$AL169) -> 35.942
A13: 8 | B13: Đã chốt | C13: Téc 2 | D13: 46123 | E13: 46142 | H13: =IF(OR($C13="",$D13="",$E13=""),"",SUMIFS(DATA_GOC!$H:$H,DATA_GOC!$A:$A,"NHAP",DATA_GOC!$E:$E,$C13,DATA_GOC!$B:$B,">="&$D13,DATA_GOC!$B:$B,"<="&$E13)) -> 31700 | I13: =IF(OR($C13="",$D13="",$E13=""),"",SUMIFS(DATA_GOC!$H:$H,DATA_GOC!$A:$A,"BOM",DATA_GOC!$E:$E,$C13,DATA_GOC!$F:$F,"Xuất nội bộ từ téc",DATA_GOC!$B:$B,">="&$D13,DATA_GOC!$B:$B,"<="&$E13)) -> 30401 | J13: =IF($I13="","",N($F13)+N($H13)-N($I13)) -> 1299 | K13: =IF($J13="","",MAX(0,N($J13)-N($G13))) -> 1299 | L13: =IF($J13="","",MAX(0,N($G13)-N($J13))) -> 0 | M13: =IF($E13="","",MONTH($E13)) -> 4 | N13: =IF($E13="","",YEAR($E13)) -> 2026 | Q13: =IF($B170="","",$A170) -> 3 | R13: =IF($B170="","",$B170) -> 28C00462 | S13: =IF($B170="","",$AH170) -> 107 | T13: =IF($B170="","",$AI170) -> 0.0077598085 | U13: =IF($B170="","",$AJ170) -> 2.879 | V13: =IF($B170="","",$AK170) -> 0 | W13: =IF($B170="","",$AL170) -> 109.879
A14: 9 | B14: Đã chốt | C14: Téc 3 | D14: 46023 | E14: 46027 | F14: 5779 | H14: =IF(OR($C14="",$D14="",$E14=""),"",SUMIFS(DATA_GOC!$H:$H,DATA_GOC!$A:$A,"NHAP",DATA_GOC!$E:$E,$C14,DATA_GOC!$B:$B,">="&$D14,DATA_GOC!$B:$B,"<="&$E14)) -> 0 | I14: =IF(OR($C14="",$D14="",$E14=""),"",SUMIFS(DATA_GOC!$H:$H,DATA_GOC!$A:$A,"BOM",DATA_GOC!$E:$E,$C14,DATA_GOC!$F:$F,"Xuất nội bộ từ téc",DATA_GOC!$B:$B,">="&$D14,DATA_GOC!$B:$B,"<="&$E14)) -> 5395 | J14: =IF($I14="","",N($F14)+N($H14)-N($I14)) -> 384 | K14: =IF($J14="","",MAX(0,N($J14)-N($G14))) -> 384 | L14: =IF($J14="","",MAX(0,N($G14)-N($J14))) -> 0 | M14: =IF($E14="","",MONTH($E14)) -> 1 | N14: =IF($E14="","",YEAR($E14)) -> 2026 | Q14: =IF($B171="","",$A171) -> 4 | R14: =IF($B171="","",$B171) -> 28C01165 | S14: =IF($B171="","",$AH171) -> 0 | T14: =IF($B171="","",$AI171) -> 0 | U14: =IF($B171="","",$AJ171) -> 0 | V14: =IF($B171="","",$AK171) -> 0 | W14: =IF($B171="","",$AL171) -> 0
A15: 10 | B15: Đã chốt | C15: Téc 3 | D15: 46028 | E15: 46046 | H15: =IF(OR($C15="",$D15="",$E15=""),"",SUMIFS(DATA_GOC!$H:$H,DATA_GOC!$A:$A,"NHAP",DATA_GOC!$E:$E,$C15,DATA_GOC!$B:$B,">="&$D15,DATA_GOC!$B:$B,"<="&$E15)) -> 22335 | I15: =IF(OR($C15="",$D15="",$E15=""),"",SUMIFS(DATA_GOC!$H:$H,DATA_GOC!$A:$A,"BOM",DATA_GOC!$E:$E,$C15,DATA_GOC!$F:$F,"Xuất nội bộ từ téc",DATA_GOC!$B:$B,">="&$D15,DATA_GOC!$B:$B,"<="&$E15)) -> 21509 | J15: =IF($I15="","",N($F15)+N($H15)-N($I15)) -> 826 | K15: =IF($J15="","",MAX(0,N($J15)-N($G15))) -> 826 | L15: =IF($J15="","",MAX(0,N($G15)-N($J15))) -> 0 | M15: =IF($E15="","",MONTH($E15)) -> 1 | N15: =IF($E15="","",YEAR($E15)) -> 2026 | Q15: =IF($B172="","",$A172) -> 5 | R15: =IF($B172="","",$B172) -> 28C01406 | S15: =IF($B172="","",$AH172) -> 370 | T15: =IF($B172="","",$AI172) -> 0.026832983 | U15: =IF($B172="","",$AJ172) -> 9.955 | V15: =IF($B172="","",$AK172) -> 0 | W15: =IF($B172="","",$AL172) -> 379.955
A16: 11 | B16: Đã chốt | C16: Téc 3 | D16: 46065 | E16: 46106 | H16: =IF(OR($C16="",$D16="",$E16=""),"",SUMIFS(DATA_GOC!$H:$H,DATA_GOC!$A:$A,"NHAP",DATA_GOC!$E:$E,$C16,DATA_GOC!$B:$B,">="&$D16,DATA_GOC!$B:$B,"<="&$E16)) -> 30130 | I16: =IF(OR($C16="",$D16="",$E16=""),"",SUMIFS(DATA_GOC!$H:$H,DATA_GOC!$A:$A,"BOM",DATA_GOC!$E:$E,$C16,DATA_GOC!$F:$F,"Xuất nội bộ từ téc",DATA_GOC!$B:$B,">="&$D16,DATA_GOC!$B:$B,"<="&$E16)) -> 29125 | J16: =IF($I16="","",N($F16)+N($H16)-N($I16)) -> 1005 | K16: =IF($J16="","",MAX(0,N($J16)-N($G16))) -> 1005 | L16: =IF($J16="","",MAX(0,N($G16)-N($J16))) -> 0 | M16: =IF($E16="","",MONTH($E16)) -> 3 | N16: =IF($E16="","",YEAR($E16)) -> 2026 | Q16: =IF($B173="","",$A173) -> 6 | R16: =IF($B173="","",$B173) -> 28C01544 | S16: =IF($B173="","",$AH173) -> 46 | T16: =IF($B173="","",$AI173) -> 0.0033359925 | U16: =IF($B173="","",$AJ173) -> 1.238 | V16: =IF($B173="","",$AK173) -> 0 | W16: =IF($B173="","",$AL173) -> 47.238
A17: 12 | B17: Đã chốt | C17: Téc 3 | D17: 46111 | E17: 46128 | H17: =IF(OR($C17="",$D17="",$E17=""),"",SUMIFS(DATA_GOC!$H:$H,DATA_GOC!$A:$A,"NHAP",DATA_GOC!$E:$E,$C17,DATA_GOC!$B:$B,">="&$D17,DATA_GOC!$B:$B,"<="&$E17)) -> 15850 | I17: =IF(OR($C17="",$D17="",$E17=""),"",SUMIFS(DATA_GOC!$H:$H,DATA_GOC!$A:$A,"BOM",DATA_GOC!$E:$E,$C17,DATA_GOC!$F:$F,"Xuất nội bộ từ téc",DATA_GOC!$B:$B,">="&$D17,DATA_GOC!$B:$B,"<="&$E17)) -> 15710 | J17: =IF($I17="","",N($F17)+N($H17)-N($I17)) -> 140 | K17: =IF($J17="","",MAX(0,N($J17)-N($G17))) -> 140 | L17: =IF($J17="","",MAX(0,N($G17)-N($J17))) -> 0 | M17: =IF($E17="","",MONTH($E17)) -> 4 | N17: =IF($E17="","",YEAR($E17)) -> 2026 | Q17: =IF($B174="","",$A174) -> 7 | R17: =IF($B174="","",$B174) -> 28C01622 | S17: =IF($B174="","",$AH174) -> 740 | T17: =IF($B174="","",$AI174) -> 0.053665966 | U17: =IF($B174="","",$AJ174) -> 19.91 | V17: =IF($B174="","",$AK174) -> 0 | W17: =IF($B174="","",$AL174) -> 759.91
A18: 13 | B18: Đã chốt | C18: Téc 3 | D18: 46131 | E18: 46165 | H18: =IF(OR($C18="",$D18="",$E18=""),"",SUMIFS(DATA_GOC!$H:$H,DATA_GOC!$A:$A,"NHAP",DATA_GOC!$E:$E,$C18,DATA_GOC!$B:$B,">="&$D18,DATA_GOC!$B:$B,"<="&$E18)) -> 30015 | I18: =IF(OR($C18="",$D18="",$E18=""),"",SUMIFS(DATA_GOC!$H:$H,DATA_GOC!$A:$A,"BOM",DATA_GOC!$E:$E,$C18,DATA_GOC!$F:$F,"Xuất nội bộ từ téc",DATA_GOC!$B:$B,">="&$D18,DATA_GOC!$B:$B,"<="&$E18)) -> 29077 | J18: =IF($I18="","",N($F18)+N($H18)-N($I18)) -> 938 | K18: =IF($J18="","",MAX(0,N($J18)-N($G18))) -> 938 | L18: =IF($J18="","",MAX(0,N($G18)-N($J18))) -> 0 | M18: =IF($E18="","",MONTH($E18)) -> 5 | N18: =IF($E18="","",YEAR($E18)) -> 2026 | Q18: =IF($B175="","",$A175) -> 8 | R18: =IF($B175="","",$B175) -> 28C01647 | S18: =IF($B175="","",$AH175) -> 444 | T18: =IF($B175="","",$AI175) -> 0.032199579 | U18: =IF($B175="","",$AJ175) -> 11.946 | V18: =IF($B175="","",$AK175) -> 0 | W18: =IF($B175="","",$AL175) -> 455.946
A19: 14 | B19: Đã chốt | C19: Téc 1 | D19: 46162 | E19: 46168 | H19: =IF(OR($C19="",$D19="",$E19=""),"",SUMIFS(DATA_GOC!$H:$H,DATA_GOC!$A:$A,"NHAP",DATA_GOC!$E:$E,$C19,DATA_GOC!$B:$B,">="&$D19,DATA_GOC!$B:$B,"<="&$E19)) -> 8134 | I19: =IF(OR($C19="",$D19="",$E19=""),"",SUMIFS(DATA_GOC!$H:$H,DATA_GOC!$A:$A,"BOM",DATA_GOC!$E:$E,$C19,DATA_GOC!$F:$F,"Xuất nội bộ từ téc",DATA_GOC!$B:$B,">="&$D19,DATA_GOC!$B:$B,"<="&$E19)) -> 7755 | J19: =IF($I19="","",N($F19)+N($H19)-N($I19)) -> 379 | K19: =IF($J19="","",MAX(0,N($J19)-N($G19))) -> 379 | L19: =IF($J19="","",MAX(0,N($G19)-N($J19))) -> 0 | M19: =IF($E19="","",MONTH($E19)) -> 5 | N19: =IF($E19="","",YEAR($E19)) -> 2026 | Q19: =IF($B176="","",$A176) -> 9 | R19: =IF($B176="","",$B176) -> 28C01731 | S19: =IF($B176="","",$AH176) -> 247 | T19: =IF($B176="","",$AI176) -> 0.017912829 | U19: =IF($B176="","",$AJ176) -> 6.646 | V19: =IF($B176="","",$AK176) -> 0 | W19: =IF($B176="","",$AL176) -> 253.646
A20: 15 | B20: Đã chốt | C20: Téc 2 | D20: 46160 | E20: 46184 | F20: =IF(OR($C20="",$D20=""),"",IFERROR(LOOKUP(2,1/(($C$6:$C$155=$C20)*($B$6:$B$155="Đã chốt")*($E$6:$E$155<$D20)*($G$6:$G$155<>"")),$G$6:$G$155),"")) | H20: =IF(OR($C20="",$D20="",$E20=""),"",SUMIFS(DATA_GOC!$H:$H,DATA_GOC!$A:$A,"NHAP",DATA_GOC!$E:$E,$C20,DATA_GOC!$B:$B,">="&$D20,DATA_GOC!$B:$B,"<="&$E20)) -> 35996 | I20: =IF(OR($C20="",$D20="",$E20=""),"",SUMIFS(DATA_GOC!$H:$H,DATA_GOC!$A:$A,"BOM",DATA_GOC!$E:$E,$C20,DATA_GOC!$F:$F,"Xuất nội bộ từ téc",DATA_GOC!$B:$B,">="&$D20,DATA_GOC!$B:$B,"<="&$E20)) -> 34366 | J20: =IF($I20="","",N($F20)+N($H20)-N($I20)) -> 1630 | K20: =IF($J20="","",MAX(0,N($J20)-N($G20))) -> 1630 | L20: =IF($J20="","",MAX(0,N($G20)-N($J20))) -> 0 | M20: =IF($E20="","",MONTH($E20)) -> 6 | N20: =IF($E20="","",YEAR($E20)) -> 2026 | Q20: =IF($B177="","",$A177) -> 10 | R20: =IF($B177="","",$B177) -> 28C01743 | S20: =IF($B177="","",$AH177) -> 0 | T20: =IF($B177="","",$AI177) -> 0 | U20: =IF($B177="","",$AJ177) -> 0 | V20: =IF($B177="","",$AK177) -> 0 | W20: =IF($B177="","",$AL177) -> 0
A21: 16 | B21: Đã chốt | C21: Téc 1 | D21: 46178 | E21: 46188 | F21: =IF(OR($C21="",$D21=""),"",IFERROR(LOOKUP(2,1/(($C$6:$C$155=$C21)*($B$6:$B$155="Đã chốt")*($E$6:$E$155<$D21)*($G$6:$G$155<>"")),$G$6:$G$155),"")) | H21: =IF(OR($C21="",$D21="",$E21=""),"",SUMIFS(DATA_GOC!$H:$H,DATA_GOC!$A:$A,"NHAP",DATA_GOC!$E:$E,$C21,DATA_GOC!$B:$B,">="&$D21,DATA_GOC!$B:$B,"<="&$E21)) -> 8745 | I21: =IF(OR($C21="",$D21="",$E21=""),"",SUMIFS(DATA_GOC!$H:$H,DATA_GOC!$A:$A,"BOM",DATA_GOC!$E:$E,$C21,DATA_GOC!$F:$F,"Xuất nội bộ từ téc",DATA_GOC!$B:$B,">="&$D21,DATA_GOC!$B:$B,"<="&$E21)) -> 8377 | J21: =IF($I21="","",N($F21)+N($H21)-N($I21)) -> 368 | K21: =IF($J21="","",MAX(0,N($J21)-N($G21))) -> 368 | L21: =IF($J21="","",MAX(0,N($G21)-N($J21))) -> 0 | M21: =IF($E21="","",MONTH($E21)) -> 6 | N21: =IF($E21="","",YEAR($E21)) -> 2026 | Q21: =IF($B178="","",$A178) -> 11 | R21: =IF($B178="","",$B178) -> 28C02106 | S21: =IF($B178="","",$AH178) -> 0 | T21: =IF($B178="","",$AI178) -> 0 | U21: =IF($B178="","",$AJ178) -> 0 | V21: =IF($B178="","",$AK178) -> 0 | W21: =IF($B178="","",$AL178) -> 0
A22: 17 | B22: Đã chốt | C22: Téc 3 | D22: 46178 | E22: 46199 | F22: =IF(OR($C22="",$D22=""),"",IFERROR(LOOKUP(2,1/(($C$6:$C$155=$C22)*($B$6:$B$155="Đã chốt")*($E$6:$E$155<$D22)*($G$6:$G$155<>"")),$G$6:$G$155),"")) | H22: =IF(OR($C22="",$D22="",$E22=""),"",SUMIFS(DATA_GOC!$H:$H,DATA_GOC!$A:$A,"NHAP",DATA_GOC!$E:$E,$C22,DATA_GOC!$B:$B,">="&$D22,DATA_GOC!$B:$B,"<="&$E22)) -> 29415 | I22: =IF(OR($C22="",$D22="",$E22=""),"",SUMIFS(DATA_GOC!$H:$H,DATA_GOC!$A:$A,"BOM",DATA_GOC!$E:$E,$C22,DATA_GOC!$F:$F,"Xuất nội bộ từ téc",DATA_GOC!$B:$B,">="&$D22,DATA_GOC!$B:$B,"<="&$E22)) -> 27987 | J22: =IF($I22="","",N($F22)+N($H22)-N($I22)) -> 1428 | K22: =IF($J22="","",MAX(0,N($J22)-N($G22))) -> 1428 | L22: =IF($J22="","",MAX(0,N($G22)-N($J22))) -> 0 | M22: =IF($E22="","",MONTH($E22)) -> 6 | N22: =IF($E22="","",YEAR($E22)) -> 2026 | Q22: =IF($B179="","",$A179) -> 12 | R22: =IF($B179="","",$B179) -> 28C02410 | S22: =IF($B179="","",$AH179) -> 140 | T22: =IF($B179="","",$AI179) -> 0.010153021 | U22: =IF($B179="","",$AJ179) -> 3.767 | V22: =IF($B179="","",$AK179) -> 0 | W22: =IF($B179="","",$AL179) -> 143.767
A23: 18 | B23: Đã chốt | C23: Téc 2 | D23: 46196 | E23: 46207 | F23: =IF(OR($C23="",$D23=""),"",IFERROR(LOOKUP(2,1/(($C$6:$C$155=$C23)*($B$6:$B$155="Đã chốt")*($E$6:$E$155<$D23)*($G$6:$G$155<>"")),$G$6:$G$155),"")) | H23: =IF(OR($C23="",$D23="",$E23=""),"",SUMIFS(DATA_GOC!$H:$H,DATA_GOC!$A:$A,"NHAP",DATA_GOC!$E:$E,$C23,DATA_GOC!$B:$B,">="&$D23,DATA_GOC!$B:$B,"<="&$E23)) -> 22930 | I23: =IF(OR($C23="",$D23="",$E23=""),"",SUMIFS(DATA_GOC!$H:$H,DATA_GOC!$A:$A,"BOM",DATA_GOC!$E:$E,$C23,DATA_GOC!$F:$F,"Xuất nội bộ từ téc",DATA_GOC!$B:$B,">="&$D23,DATA_GOC!$B:$B,"<="&$E23)) -> 21668 | J23: =IF($I23="","",N($F23)+N($H23)-N($I23)) -> 1262 | K23: =IF($J23="","",MAX(0,N($J23)-N($G23))) -> 1262 | L23: =IF($J23="","",MAX(0,N($G23)-N($J23))) -> 0 | M23: =IF($E23="","",MONTH($E23)) -> 7 | N23: =IF($E23="","",YEAR($E23)) -> 2026 | Q23: =IF($B180="","",$A180) -> 13 | R23: =IF($B180="","",$B180) -> 28C02545 | S23: =IF($B180="","",$AH180) -> 163 | T23: =IF($B180="","",$AI180) -> 0.011821017 | U23: =IF($B180="","",$AJ180) -> 4.386 | V23: =IF($B180="","",$AK180) -> 0 | W23: =IF($B180="","",$AL180) -> 167.386
A24: 19 | F24: =IF(OR($C24="",$D24=""),"",IFERROR(LOOKUP(2,1/(($C$6:$C$155=$C24)*($B$6:$B$155="Đã chốt")*($E$6:$E$155<$D24)*($G$6:$G$155<>"")),$G$6:$G$155),"")) | H24: =IF(OR($C24="",$D24="",$E24=""),"",SUMIFS(DATA_GOC!$H:$H,DATA_GOC!$A:$A,"NHAP",DATA_GOC!$E:$E,$C24,DATA_GOC!$B:$B,">="&$D24,DATA_GOC!$B:$B,"<="&$E24)) | I24: =IF(OR($C24="",$D24="",$E24=""),"",SUMIFS(DATA_GOC!$H:$H,DATA_GOC!$A:$A,"BOM",DATA_GOC!$E:$E,$C24,DATA_GOC!$F:$F,"Xuất nội bộ từ téc",DATA_GOC!$B:$B,">="&$D24,DATA_GOC!$B:$B,"<="&$E24)) | J24: =IF($I24="","",N($F24)+N($H24)-N($I24)) | K24: =IF($J24="","",MAX(0,N($J24)-N($G24))) | L24: =IF($J24="","",MAX(0,N($G24)-N($J24))) | M24: =IF($E24="","",MONTH($E24)) | N24: =IF($E24="","",YEAR($E24)) | Q24: =IF($B181="","",$A181) -> 14 | R24: =IF($B181="","",$B181) -> 28C02574 | S24: =IF($B181="","",$AH181) -> 0 | T24: =IF($B181="","",$AI181) -> 0 | U24: =IF($B181="","",$AJ181) -> 0 | V24: =IF($B181="","",$AK181) -> 0 | W24: =IF($B181="","",$AL181) -> 0
A25: 20 | F25: =IF(OR($C25="",$D25=""),"",IFERROR(LOOKUP(2,1/(($C$6:$C$155=$C25)*($B$6:$B$155="Đã chốt")*($E$6:$E$155<$D25)*($G$6:$G$155<>"")),$G$6:$G$155),"")) | H25: =IF(OR($C25="",$D25="",$E25=""),"",SUMIFS(DATA_GOC!$H:$H,DATA_GOC!$A:$A,"NHAP",DATA_GOC!$E:$E,$C25,DATA_GOC!$B:$B,">="&$D25,DATA_GOC!$B:$B,"<="&$E25)) | I25: =IF(OR($C25="",$D25="",$E25=""),"",SUMIFS(DATA_GOC!$H:$H,DATA_GOC!$A:$A,"BOM",DATA_GOC!$E:$E,$C25,DATA_GOC!$F:$F,"Xuất nội bộ từ téc",DATA_GOC!$B:$B,">="&$D25,DATA_GOC!$B:$B,"<="&$E25)) | J25: =IF($I25="","",N($F25)+N($H25)-N($I25)) | K25: =IF($J25="","",MAX(0,N($J25)-N($G25))) | L25: =IF($J25="","",MAX(0,N($G25)-N($J25))) | M25: =IF($E25="","",MONTH($E25)) | N25: =IF($E25="","",YEAR($E25)) | Q25: =IF($B182="","",$A182) -> 15 | R25: =IF($B182="","",$B182) -> 28C02770 | S25: =IF($B182="","",$AH182) -> 163 | T25: =IF($B182="","",$AI182) -> 0.011821017 | U25: =IF($B182="","",$AJ182) -> 4.386 | V25: =IF($B182="","",$AK182) -> 0 | W25: =IF($B182="","",$AL182) -> 167.386
A26: 21 | F26: =IF(OR($C26="",$D26=""),"",IFERROR(LOOKUP(2,1/(($C$6:$C$155=$C26)*($B$6:$B$155="Đã chốt")*($E$6:$E$155<$D26)*($G$6:$G$155<>"")),$G$6:$G$155),"")) | H26: =IF(OR($C26="",$D26="",$E26=""),"",SUMIFS(DATA_GOC!$H:$H,DATA_GOC!$A:$A,"NHAP",DATA_GOC!$E:$E,$C26,DATA_GOC!$B:$B,">="&$D26,DATA_GOC!$B:$B,"<="&$E26)) | I26: =IF(OR($C26="",$D26="",$E26=""),"",SUMIFS(DATA_GOC!$H:$H,DATA_GOC!$A:$A,"BOM",DATA_GOC!$E:$E,$C26,DATA_GOC!$F:$F,"Xuất nội bộ từ téc",DATA_GOC!$B:$B,">="&$D26,DATA_GOC!$B:$B,"<="&$E26)) | J26: =IF($I26="","",N($F26)+N($H26)-N($I26)) | K26: =IF($J26="","",MAX(0,N($J26)-N($G26))) | L26: =IF($J26="","",MAX(0,N($G26)-N($J26))) | M26: =IF($E26="","",MONTH($E26)) | N26: =IF($E26="","",YEAR($E26)) | Q26: =IF($B183="","",$A183) -> 16 | R26: =IF($B183="","",$B183) -> 28C02986 | S26: =IF($B183="","",$AH183) -> 930 | T26: =IF($B183="","",$AI183) -> 0.067445065 | U26: =IF($B183="","",$AJ183) -> 25.022 | V26: =IF($B183="","",$AK183) -> 0 | W26: =IF($B183="","",$AL183) -> 955.022
A27: 22 | F27: =IF(OR($C27="",$D27=""),"",IFERROR(LOOKUP(2,1/(($C$6:$C$155=$C27)*($B$6:$B$155="Đã chốt")*($E$6:$E$155<$D27)*($G$6:$G$155<>"")),$G$6:$G$155),"")) | H27: =IF(OR($C27="",$D27="",$E27=""),"",SUMIFS(DATA_GOC!$H:$H,DATA_GOC!$A:$A,"NHAP",DATA_GOC!$E:$E,$C27,DATA_GOC!$B:$B,">="&$D27,DATA_GOC!$B:$B,"<="&$E27)) | I27: =IF(OR($C27="",$D27="",$E27=""),"",SUMIFS(DATA_GOC!$H:$H,DATA_GOC!$A:$A,"BOM",DATA_GOC!$E:$E,$C27,DATA_GOC!$F:$F,"Xuất nội bộ từ téc",DATA_GOC!$B:$B,">="&$D27,DATA_GOC!$B:$B,"<="&$E27)) | J27: =IF($I27="","",N($F27)+N($H27)-N($I27)) | K27: =IF($J27="","",MAX(0,N($J27)-N($G27))) | L27: =IF($J27="","",MAX(0,N($G27)-N($J27))) | M27: =IF($E27="","",MONTH($E27)) | N27: =IF($E27="","",YEAR($E27)) | Q27: =IF($B184="","",$A184) -> 17 | R27: =IF($B184="","",$B184) -> 28C03261 | S27: =IF($B184="","",$AH184) -> 220 | T27: =IF($B184="","",$AI184) -> 0.015954747 | U27: =IF($B184="","",$AJ184) -> 5.919 | V27: =IF($B184="","",$AK184) -> 0 | W27: =IF($B184="","",$AL184) -> 225.919
A28: 23 | F28: =IF(OR($C28="",$D28=""),"",IFERROR(LOOKUP(2,1/(($C$6:$C$155=$C28)*($B$6:$B$155="Đã chốt")*($E$6:$E$155<$D28)*($G$6:$G$155<>"")),$G$6:$G$155),"")) | H28: =IF(OR($C28="",$D28="",$E28=""),"",SUMIFS(DATA_GOC!$H:$H,DATA_GOC!$A:$A,"NHAP",DATA_GOC!$E:$E,$C28,DATA_GOC!$B:$B,">="&$D28,DATA_GOC!$B:$B,"<="&$E28)) | I28: =IF(OR($C28="",$D28="",$E28=""),"",SUMIFS(DATA_GOC!$H:$H,DATA_GOC!$A:$A,"BOM",DATA_GOC!$E:$E,$C28,DATA_GOC!$F:$F,"Xuất nội bộ từ téc",DATA_GOC!$B:$B,">="&$D28,DATA_GOC!$B:$B,"<="&$E28)) | J28: =IF($I28="","",N($F28)+N($H28)-N($I28)) | K28: =IF($J28="","",MAX(0,N($J28)-N($G28))) | L28: =IF($J28="","",MAX(0,N($G28)-N($J28))) | M28: =IF($E28="","",MONTH($E28)) | N28: =IF($E28="","",YEAR($E28)) | Q28: =IF($B185="","",$A185) -> 18 | R28: =IF($B185="","",$B185) -> 28C03323 | S28: =IF($B185="","",$AH185) -> 222 | T28: =IF($B185="","",$AI185) -> 0.01609979 | U28: =IF($B185="","",$AJ185) -> 5.973 | V28: =IF($B185="","",$AK185) -> 0 | W28: =IF($B185="","",$AL185) -> 227.973
A29: 24 | F29: =IF(OR($C29="",$D29=""),"",IFERROR(LOOKUP(2,1/(($C$6:$C$155=$C29)*($B$6:$B$155="Đã chốt")*($E$6:$E$155<$D29)*($G$6:$G$155<>"")),$G$6:$G$155),"")) | H29: =IF(OR($C29="",$D29="",$E29=""),"",SUMIFS(DATA_GOC!$H:$H,DATA_GOC!$A:$A,"NHAP",DATA_GOC!$E:$E,$C29,DATA_GOC!$B:$B,">="&$D29,DATA_GOC!$B:$B,"<="&$E29)) | I29: =IF(OR($C29="",$D29="",$E29=""),"",SUMIFS(DATA_GOC!$H:$H,DATA_GOC!$A:$A,"BOM",DATA_GOC!$E:$E,$C29,DATA_GOC!$F:$F,"Xuất nội bộ từ téc",DATA_GOC!$B:$B,">="&$D29,DATA_GOC!$B:$B,"<="&$E29)) | J29: =IF($I29="","",N($F29)+N($H29)-N($I29)) | K29: =IF($J29="","",MAX(0,N($J29)-N($G29))) | L29: =IF($J29="","",MAX(0,N($G29)-N($J29))) | M29: =IF($E29="","",MONTH($E29)) | N29: =IF($E29="","",YEAR($E29)) | Q29: =IF($B186="","",$A186) -> 19 | R29: =IF($B186="","",$B186) -> 28C03385 | S29: =IF($B186="","",$AH186) -> 300 | T29: =IF($B186="","",$AI186) -> 0.021756473 | U29: =IF($B186="","",$AJ186) -> 8.072 | V29: =IF($B186="","",$AK186) -> 0 | W29: =IF($B186="","",$AL186) -> 308.072
A30: 25 | F30: =IF(OR($C30="",$D30=""),"",IFERROR(LOOKUP(2,1/(($C$6:$C$155=$C30)*($B$6:$B$155="Đã chốt")*($E$6:$E$155<$D30)*($G$6:$G$155<>"")),$G$6:$G$155),"")) | H30: =IF(OR($C30="",$D30="",$E30=""),"",SUMIFS(DATA_GOC!$H:$H,DATA_GOC!$A:$A,"NHAP",DATA_GOC!$E:$E,$C30,DATA_GOC!$B:$B,">="&$D30,DATA_GOC!$B:$B,"<="&$E30)) | I30: =IF(OR($C30="",$D30="",$E30=""),"",SUMIFS(DATA_GOC!$H:$H,DATA_GOC!$A:$A,"BOM",DATA_GOC!$E:$E,$C30,DATA_GOC!$F:$F,"Xuất nội bộ từ téc",DATA_GOC!$B:$B,">="&$D30,DATA_GOC!$B:$B,"<="&$E30)) | J30: =IF($I30="","",N($F30)+N($H30)-N($I30)) | K30: =IF($J30="","",MAX(0,N($J30)-N($G30))) | L30: =IF($J30="","",MAX(0,N($G30)-N($J30))) | M30: =IF($E30="","",MONTH($E30)) | N30: =IF($E30="","",YEAR($E30)) | Q30: =IF($B187="","",$A187) -> 20 | R30: =IF($B187="","",$B187) -> 28C03652 | S30: =IF($B187="","",$AH187) -> 0 | T30: =IF($B187="","",$AI187) -> 0 | U30: =IF($B187="","",$AJ187) -> 0 | V30: =IF($B187="","",$AK187) -> 0 | W30: =IF($B187="","",$AL187) -> 0
A31: 26 | F31: =IF(OR($C31="",$D31=""),"",IFERROR(LOOKUP(2,1/(($C$6:$C$155=$C31)*($B$6:$B$155="Đã chốt")*($E$6:$E$155<$D31)*($G$6:$G$155<>"")),$G$6:$G$155),"")) | H31: =IF(OR($C31="",$D31="",$E31=""),"",SUMIFS(DATA_GOC!$H:$H,DATA_GOC!$A:$A,"NHAP",DATA_GOC!$E:$E,$C31,DATA_GOC!$B:$B,">="&$D31,DATA_GOC!$B:$B,"<="&$E31)) | I31: =IF(OR($C31="",$D31="",$E31=""),"",SUMIFS(DATA_GOC!$H:$H,DATA_GOC!$A:$A,"BOM",DATA_GOC!$E:$E,$C31,DATA_GOC!$F:$F,"Xuất nội bộ từ téc",DATA_GOC!$B:$B,">="&$D31,DATA_GOC!$B:$B,"<="&$E31)) | J31: =IF($I31="","",N($F31)+N($H31)-N($I31)) | K31: =IF($J31="","",MAX(0,N($J31)-N($G31))) | L31: =IF($J31="","",MAX(0,N($G31)-N($J31))) | M31: =IF($E31="","",MONTH($E31)) | N31: =IF($E31="","",YEAR($E31)) | Q31: =IF($B188="","",$A188) -> 21 | R31: =IF($B188="","",$B188) -> 28C03695 | S31: =IF($B188="","",$AH188) -> 211 | T31: =IF($B188="","",$AI188) -> 0.015302052 | U31: =IF($B188="","",$AJ188) -> 5.677 | V31: =IF($B188="","",$AK188) -> 0 | W31: =IF($B188="","",$AL188) -> 216.677
A32: 27 | F32: =IF(OR($C32="",$D32=""),"",IFERROR(LOOKUP(2,1/(($C$6:$C$155=$C32)*($B$6:$B$155="Đã chốt")*($E$6:$E$155<$D32)*($G$6:$G$155<>"")),$G$6:$G$155),"")) | H32: =IF(OR($C32="",$D32="",$E32=""),"",SUMIFS(DATA_GOC!$H:$H,DATA_GOC!$A:$A,"NHAP",DATA_GOC!$E:$E,$C32,DATA_GOC!$B:$B,">="&$D32,DATA_GOC!$B:$B,"<="&$E32)) | I32: =IF(OR($C32="",$D32="",$E32=""),"",SUMIFS(DATA_GOC!$H:$H,DATA_GOC!$A:$A,"BOM",DATA_GOC!$E:$E,$C32,DATA_GOC!$F:$F,"Xuất nội bộ từ téc",DATA_GOC!$B:$B,">="&$D32,DATA_GOC!$B:$B,"<="&$E32)) | J32: =IF($I32="","",N($F32)+N($H32)-N($I32)) | K32: =IF($J32="","",MAX(0,N($J32)-N($G32))) | L32: =IF($J32="","",MAX(0,N($G32)-N($J32))) | M32: =IF($E32="","",MONTH($E32)) | N32: =IF($E32="","",YEAR($E32)) | Q32: =IF($B189="","",$A189) -> 22 | R32: =IF($B189="","",$B189) -> 28C03927 | S32: =IF($B189="","",$AH189) -> 275 | T32: =IF($B189="","",$AI189) -> 0.019943433 | U32: =IF($B189="","",$AJ189) -> 7.399 | V32: =IF($B189="","",$AK189) -> 0 | W32: =IF($B189="","",$AL189) -> 282.399
A33: 28 | F33: =IF(OR($C33="",$D33=""),"",IFERROR(LOOKUP(2,1/(($C$6:$C$155=$C33)*($B$6:$B$155="Đã chốt")*($E$6:$E$155<$D33)*($G$6:$G$155<>"")),$G$6:$G$155),"")) | H33: =IF(OR($C33="",$D33="",$E33=""),"",SUMIFS(DATA_GOC!$H:$H,DATA_GOC!$A:$A,"NHAP",DATA_GOC!$E:$E,$C33,DATA_GOC!$B:$B,">="&$D33,DATA_GOC!$B:$B,"<="&$E33)) | I33: =IF(OR($C33="",$D33="",$E33=""),"",SUMIFS(DATA_GOC!$H:$H,DATA_GOC!$A:$A,"BOM",DATA_GOC!$E:$E,$C33,DATA_GOC!$F:$F,"Xuất nội bộ từ téc",DATA_GOC!$B:$B,">="&$D33,DATA_GOC!$B:$B,"<="&$E33)) | J33: =IF($I33="","",N($F33)+N($H33)-N($I33)) | K33: =IF($J33="","",MAX(0,N($J33)-N($G33))) | L33: =IF($J33="","",MAX(0,N($G33)-N($J33))) | M33: =IF($E33="","",MONTH($E33)) | N33: =IF($E33="","",YEAR($E33)) | Q33: =IF($B190="","",$A190) -> 23 | R33: =IF($B190="","",$B190) -> 28C04509 | S33: =IF($B190="","",$AH190) -> 46 | T33: =IF($B190="","",$AI190) -> 0.0033359925 | U33: =IF($B190="","",$AJ190) -> 1.238 | V33: =IF($B190="","",$AK190) -> 0 | W33: =IF($B190="","",$AL190) -> 47.238
A34: 29 | F34: =IF(OR($C34="",$D34=""),"",IFERROR(LOOKUP(2,1/(($C$6:$C$155=$C34)*($B$6:$B$155="Đã chốt")*($E$6:$E$155<$D34)*($G$6:$G$155<>"")),$G$6:$G$155),"")) | H34: =IF(OR($C34="",$D34="",$E34=""),"",SUMIFS(DATA_GOC!$H:$H,DATA_GOC!$A:$A,"NHAP",DATA_GOC!$E:$E,$C34,DATA_GOC!$B:$B,">="&$D34,DATA_GOC!$B:$B,"<="&$E34)) | I34: =IF(OR($C34="",$D34="",$E34=""),"",SUMIFS(DATA_GOC!$H:$H,DATA_GOC!$A:$A,"BOM",DATA_GOC!$E:$E,$C34,DATA_GOC!$F:$F,"Xuất nội bộ từ téc",DATA_GOC!$B:$B,">="&$D34,DATA_GOC!$B:$B,"<="&$E34)) | J34: =IF($I34="","",N($F34)+N($H34)-N($I34)) | K34: =IF($J34="","",MAX(0,N($J34)-N($G34))) | L34: =IF($J34="","",MAX(0,N($G34)-N($J34))) | M34: =IF($E34="","",MONTH($E34)) | N34: =IF($E34="","",YEAR($E34)) | Q34: =IF($B191="","",$A191) -> 24 | R34: =IF($B191="","",$B191) -> 28C04536 | S34: =IF($B191="","",$AH191) -> 0 | T34: =IF($B191="","",$AI191) -> 0 | U34: =IF($B191="","",$AJ191) -> 0 | V34: =IF($B191="","",$AK191) -> 0 | W34: =IF($B191="","",$AL191) -> 0
A35: 30 | F35: =IF(OR($C35="",$D35=""),"",IFERROR(LOOKUP(2,1/(($C$6:$C$155=$C35)*($B$6:$B$155="Đã chốt")*($E$6:$E$155<$D35)*($G$6:$G$155<>"")),$G$6:$G$155),"")) | H35: =IF(OR($C35="",$D35="",$E35=""),"",SUMIFS(DATA_GOC!$H:$H,DATA_GOC!$A:$A,"NHAP",DATA_GOC!$E:$E,$C35,DATA_GOC!$B:$B,">="&$D35,DATA_GOC!$B:$B,"<="&$E35)) | I35: =IF(OR($C35="",$D35="",$E35=""),"",SUMIFS(DATA_GOC!$H:$H,DATA_GOC!$A:$A,"BOM",DATA_GOC!$E:$E,$C35,DATA_GOC!$F:$F,"Xuất nội bộ từ téc",DATA_GOC!$B:$B,">="&$D35,DATA_GOC!$B:$B,"<="&$E35)) | J35: =IF($I35="","",N($F35)+N($H35)-N($I35)) | K35: =IF($J35="","",MAX(0,N($J35)-N($G35))) | L35: =IF($J35="","",MAX(0,N($G35)-N($J35))) | M35: =IF($E35="","",MONTH($E35)) | N35: =IF($E35="","",YEAR($E35)) | Q35: =IF($B192="","",$A192) -> 25 | R35: =IF($B192="","",$B192) -> 28C04576 | S35: =IF($B192="","",$AH192) -> 240 | T35: =IF($B192="","",$AI192) -> 0.017405178 | U35: =IF($B192="","",$AJ192) -> 6.457 | V35: =IF($B192="","",$AK192) -> 0 | W35: =IF($B192="","",$AL192) -> 246.457
... A70: 65 | F70: =IF(OR($C70="",$D70=""),"",IFERROR(LOOKUP(2,1/(($C$6:$C$155=$C70)*($B$6:$B$155="Đã chốt")*($E$6:$E$155<$D70)*($G$6:$G$155<>"")),$G$6:$G$155),"")) | H70: =IF(OR($C70="",$D70="",$E70=""),"",SUMIFS(DATA_GOC!$H:$H,DATA_GOC!$A:$A,"NHAP",DATA_GOC!$E:$E,$C70,DATA_GOC!$B:$B,">="&$D70,DATA_GOC!$B:$B,"<="&$E70)) | I70: =IF(OR($C70="",$D70="",$E70=""),"",SUMIFS(DATA_GOC!$H:$H,DATA_GOC!$A:$A,"BOM",DATA_GOC!$E:$E,$C70,DATA_GOC!$F:$F,"Xuất nội bộ từ téc",DATA_GOC!$B:$B,">="&$D70,DATA_GOC!$B:$B,"<="&$E70)) | J70: =IF($I70="","",N($F70)+N($H70)-N($I70)) | K70: =IF($J70="","",MAX(0,N($J70)-N($G70))) | L70: =IF($J70="","",MAX(0,N($G70)-N($J70))) | M70: =IF($E70="","",MONTH($E70)) | N70: =IF($E70="","",YEAR($E70)) | Q70: =IF($B227="","",$A227) -> 60 | R70: =IF($B227="","",$B227) -> Xe ben mới | S70: =IF($B227="","",$AH227) -> 0 | T70: =IF($B227="","",$AI227) -> 0 | U70: =IF($B227="","",$AJ227) -> 0 | V70: =IF($B227="","",$AK227) -> 0 | W70: =IF($B227="","",$AL227) -> 0
A71: 66 | F71: =IF(OR($C71="",$D71=""),"",IFERROR(LOOKUP(2,1/(($C$6:$C$155=$C71)*($B$6:$B$155="Đã chốt")*($E$6:$E$155<$D71)*($G$6:$G$155<>"")),$G$6:$G$155),"")) | H71: =IF(OR($C71="",$D71="",$E71=""),"",SUMIFS(DATA_GOC!$H:$H,DATA_GOC!$A:$A,"NHAP",DATA_GOC!$E:$E,$C71,DATA_GOC!$B:$B,">="&$D71,DATA_GOC!$B:$B,"<="&$E71)) | I71: =IF(OR($C71="",$D71="",$E71=""),"",SUMIFS(DATA_GOC!$H:$H,DATA_GOC!$A:$A,"BOM",DATA_GOC!$E:$E,$C71,DATA_GOC!$F:$F,"Xuất nội bộ từ téc",DATA_GOC!$B:$B,">="&$D71,DATA_GOC!$B:$B,"<="&$E71)) | J71: =IF($I71="","",N($F71)+N($H71)-N($I71)) | K71: =IF($J71="","",MAX(0,N($J71)-N($G71))) | L71: =IF($J71="","",MAX(0,N($G71)-N($J71))) | M71: =IF($E71="","",MONTH($E71)) | N71: =IF($E71="","",YEAR($E71))
A72: 67 | F72: =IF(OR($C72="",$D72=""),"",IFERROR(LOOKUP(2,1/(($C$6:$C$155=$C72)*($B$6:$B$155="Đã chốt")*($E$6:$E$155<$D72)*($G$6:$G$155<>"")),$G$6:$G$155),"")) | H72: =IF(OR($C72="",$D72="",$E72=""),"",SUMIFS(DATA_GOC!$H:$H,DATA_GOC!$A:$A,"NHAP",DATA_GOC!$E:$E,$C72,DATA_GOC!$B:$B,">="&$D72,DATA_GOC!$B:$B,"<="&$E72)) | I72: =IF(OR($C72="",$D72="",$E72=""),"",SUMIFS(DATA_GOC!$H:$H,DATA_GOC!$A:$A,"BOM",DATA_GOC!$E:$E,$C72,DATA_GOC!$F:$F,"Xuất nội bộ từ téc",DATA_GOC!$B:$B,">="&$D72,DATA_GOC!$B:$B,"<="&$E72)) | J72: =IF($I72="","",N($F72)+N($H72)-N($I72)) | K72: =IF($J72="","",MAX(0,N($J72)-N($G72))) | L72: =IF($J72="","",MAX(0,N($G72)-N($J72))) | M72: =IF($E72="","",MONTH($E72)) | N72: =IF($E72="","",YEAR($E72))
A73: 68 | F73: =IF(OR($C73="",$D73=""),"",IFERROR(LOOKUP(2,1/(($C$6:$C$155=$C73)*($B$6:$B$155="Đã chốt")*($E$6:$E$155<$D73)*($G$6:$G$155<>"")),$G$6:$G$155),"")) | H73: =IF(OR($C73="",$D73="",$E73=""),"",SUMIFS(DATA_GOC!$H:$H,DATA_GOC!$A:$A,"NHAP",DATA_GOC!$E:$E,$C73,DATA_GOC!$B:$B,">="&$D73,DATA_GOC!$B:$B,"<="&$E73)) | I73: =IF(OR($C73="",$D73="",$E73=""),"",SUMIFS(DATA_GOC!$H:$H,DATA_GOC!$A:$A,"BOM",DATA_GOC!$E:$E,$C73,DATA_GOC!$F:$F,"Xuất nội bộ từ téc",DATA_GOC!$B:$B,">="&$D73,DATA_GOC!$B:$B,"<="&$E73)) | J73: =IF($I73="","",N($F73)+N($H73)-N($I73)) | K73: =IF($J73="","",MAX(0,N($J73)-N($G73))) | L73: =IF($J73="","",MAX(0,N($G73)-N($J73))) | M73: =IF($E73="","",MONTH($E73)) | N73: =IF($E73="","",YEAR($E73))
A74: 69 | F74: =IF(OR($C74="",$D74=""),"",IFERROR(LOOKUP(2,1/(($C$6:$C$155=$C74)*($B$6:$B$155="Đã chốt")*($E$6:$E$155<$D74)*($G$6:$G$155<>"")),$G$6:$G$155),"")) | H74: =IF(OR($C74="",$D74="",$E74=""),"",SUMIFS(DATA_GOC!$H:$H,DATA_GOC!$A:$A,"NHAP",DATA_GOC!$E:$E,$C74,DATA_GOC!$B:$B,">="&$D74,DATA_GOC!$B:$B,"<="&$E74)) | I74: =IF(OR($C74="",$D74="",$E74=""),"",SUMIFS(DATA_GOC!$H:$H,DATA_GOC!$A:$A,"BOM",DATA_GOC!$E:$E,$C74,DATA_GOC!$F:$F,"Xuất nội bộ từ téc",DATA_GOC!$B:$B,">="&$D74,DATA_GOC!$B:$B,"<="&$E74)) | J74: =IF($I74="","",N($F74)+N($H74)-N($I74)) | K74: =IF($J74="","",MAX(0,N($J74)-N($G74))) | L74: =IF($J74="","",MAX(0,N($G74)-N($J74))) | M74: =IF($E74="","",MONTH($E74)) | N74: =IF($E74="","",YEAR($E74))
A75: 70 | F75: =IF(OR($C75="",$D75=""),"",IFERROR(LOOKUP(2,1/(($C$6:$C$155=$C75)*($B$6:$B$155="Đã chốt")*($E$6:$E$155<$D75)*($G$6:$G$155<>"")),$G$6:$G$155),"")) | H75: =IF(OR($C75="",$D75="",$E75=""),"",SUMIFS(DATA_GOC!$H:$H,DATA_GOC!$A:$A,"NHAP",DATA_GOC!$E:$E,$C75,DATA_GOC!$B:$B,">="&$D75,DATA_GOC!$B:$B,"<="&$E75)) | I75: =IF(OR($C75="",$D75="",$E75=""),"",SUMIFS(DATA_GOC!$H:$H,DATA_GOC!$A:$A,"BOM",DATA_GOC!$E:$E,$C75,DATA_GOC!$F:$F,"Xuất nội bộ từ téc",DATA_GOC!$B:$B,">="&$D75,DATA_GOC!$B:$B,"<="&$E75)) | J75: =IF($I75="","",N($F75)+N($H75)-N($I75)) | K75: =IF($J75="","",MAX(0,N($J75)-N($G75))) | L75: =IF($J75="","",MAX(0,N($G75)-N($J75))) | M75: =IF($E75="","",MONTH($E75)) | N75: =IF($E75="","",YEAR($E75))
A76: 71 | F76: =IF(OR($C76="",$D76=""),"",IFERROR(LOOKUP(2,1/(($C$6:$C$155=$C76)*($B$6:$B$155="Đã chốt")*($E$6:$E$155<$D76)*($G$6:$G$155<>"")),$G$6:$G$155),"")) | H76: =IF(OR($C76="",$D76="",$E76=""),"",SUMIFS(DATA_GOC!$H:$H,DATA_GOC!$A:$A,"NHAP",DATA_GOC!$E:$E,$C76,DATA_GOC!$B:$B,">="&$D76,DATA_GOC!$B:$B,"<="&$E76)) | I76: =IF(OR($C76="",$D76="",$E76=""),"",SUMIFS(DATA_GOC!$H:$H,DATA_GOC!$A:$A,"BOM",DATA_GOC!$E:$E,$C76,DATA_GOC!$F:$F,"Xuất nội bộ từ téc",DATA_GOC!$B:$B,">="&$D76,DATA_GOC!$B:$B,"<="&$E76)) | J76: =IF($I76="","",N($F76)+N($H76)-N($I76)) | K76: =IF($J76="","",MAX(0,N($J76)-N($G76))) | L76: =IF($J76="","",MAX(0,N($G76)-N($J76))) | M76: =IF($E76="","",MONTH($E76)) | N76: =IF($E76="","",YEAR($E76))
A77: 72 | F77: =IF(OR($C77="",$D77=""),"",IFERROR(LOOKUP(2,1/(($C$6:$C$155=$C77)*($B$6:$B$155="Đã chốt")*($E$6:$E$155<$D77)*($G$6:$G$155<>"")),$G$6:$G$155),"")) | H77: =IF(OR($C77="",$D77="",$E77=""),"",SUMIFS(DATA_GOC!$H:$H,DATA_GOC!$A:$A,"NHAP",DATA_GOC!$E:$E,$C77,DATA_GOC!$B:$B,">="&$D77,DATA_GOC!$B:$B,"<="&$E77)) | I77: =IF(OR($C77="",$D77="",$E77=""),"",SUMIFS(DATA_GOC!$H:$H,DATA_GOC!$A:$A,"BOM",DATA_GOC!$E:$E,$C77,DATA_GOC!$F:$F,"Xuất nội bộ từ téc",DATA_GOC!$B:$B,">="&$D77,DATA_GOC!$B:$B,"<="&$E77)) | J77: =IF($I77="","",N($F77)+N($H77)-N($I77)) | K77: =IF($J77="","",MAX(0,N($J77)-N($G77))) | L77: =IF($J77="","",MAX(0,N($G77)-N($J77))) | M77: =IF($E77="","",MONTH($E77)) | N77: =IF($E77="","",YEAR($E77))
A78: 73 | F78: =IF(OR($C78="",$D78=""),"",IFERROR(LOOKUP(2,1/(($C$6:$C$155=$C78)*($B$6:$B$155="Đã chốt")*($E$6:$E$155<$D78)*($G$6:$G$155<>"")),$G$6:$G$155),"")) | H78: =IF(OR($C78="",$D78="",$E78=""),"",SUMIFS(DATA_GOC!$H:$H,DATA_GOC!$A:$A,"NHAP",DATA_GOC!$E:$E,$C78,DATA_GOC!$B:$B,">="&$D78,DATA_GOC!$B:$B,"<="&$E78)) | I78: =IF(OR($C78="",$D78="",$E78=""),"",SUMIFS(DATA_GOC!$H:$H,DATA_GOC!$A:$A,"BOM",DATA_GOC!$E:$E,$C78,DATA_GOC!$F:$F,"Xuất nội bộ từ téc",DATA_GOC!$B:$B,">="&$D78,DATA_GOC!$B:$B,"<="&$E78)) | J78: =IF($I78="","",N($F78)+N($H78)-N($I78)) | K78: =IF($J78="","",MAX(0,N($J78)-N($G78))) | L78: =IF($J78="","",MAX(0,N($G78)-N($J78))) | M78: =IF($E78="","",MONTH($E78)) | N78: =IF($E78="","",YEAR($E78))
A79: 74 | F79: =IF(OR($C79="",$D79=""),"",IFERROR(LOOKUP(2,1/(($C$6:$C$155=$C79)*($B$6:$B$155="Đã chốt")*($E$6:$E$155<$D79)*($G$6:$G$155<>"")),$G$6:$G$155),"")) | H79: =IF(OR($C79="",$D79="",$E79=""),"",SUMIFS(DATA_GOC!$H:$H,DATA_GOC!$A:$A,"NHAP",DATA_GOC!$E:$E,$C79,DATA_GOC!$B:$B,">="&$D79,DATA_GOC!$B:$B,"<="&$E79)) | I79: =IF(OR($C79="",$D79="",$E79=""),"",SUMIFS(DATA_GOC!$H:$H,DATA_GOC!$A:$A,"BOM",DATA_GOC!$E:$E,$C79,DATA_GOC!$F:$F,"Xuất nội bộ từ téc",DATA_GOC!$B:$B,">="&$D79,DATA_GOC!$B:$B,"<="&$E79)) | J79: =IF($I79="","",N($F79)+N($H79)-N($I79)) | K79: =IF($J79="","",MAX(0,N($J79)-N($G79))) | L79: =IF($J79="","",MAX(0,N($G79)-N($J79))) | M79: =IF($E79="","",MONTH($E79)) | N79: =IF($E79="","",YEAR($E79))
A80: 75 | F80: =IF(OR($C80="",$D80=""),"",IFERROR(LOOKUP(2,1/(($C$6:$C$155=$C80)*($B$6:$B$155="Đã chốt")*($E$6:$E$155<$D80)*($G$6:$G$155<>"")),$G$6:$G$155),"")) | H80: =IF(OR($C80="",$D80="",$E80=""),"",SUMIFS(DATA_GOC!$H:$H,DATA_GOC!$A:$A,"NHAP",DATA_GOC!$E:$E,$C80,DATA_GOC!$B:$B,">="&$D80,DATA_GOC!$B:$B,"<="&$E80)) | I80: =IF(OR($C80="",$D80="",$E80=""),"",SUMIFS(DATA_GOC!$H:$H,DATA_GOC!$A:$A,"BOM",DATA_GOC!$E:$E,$C80,DATA_GOC!$F:$F,"Xuất nội bộ từ téc",DATA_GOC!$B:$B,">="&$D80,DATA_GOC!$B:$B,"<="&$E80)) | J80: =IF($I80="","",N($F80)+N($H80)-N($I80)) | K80: =IF($J80="","",MAX(0,N($J80)-N($G80))) | L80: =IF($J80="","",MAX(0,N($G80)-N($J80))) | M80: =IF($E80="","",MONTH($E80)) | N80: =IF($E80="","",YEAR($E80))
A81: 76 | F81: =IF(OR($C81="",$D81=""),"",IFERROR(LOOKUP(2,1/(($C$6:$C$155=$C81)*($B$6:$B$155="Đã chốt")*($E$6:$E$155<$D81)*($G$6:$G$155<>"")),$G$6:$G$155),"")) | H81: =IF(OR($C81="",$D81="",$E81=""),"",SUMIFS(DATA_GOC!$H:$H,DATA_GOC!$A:$A,"NHAP",DATA_GOC!$E:$E,$C81,DATA_GOC!$B:$B,">="&$D81,DATA_GOC!$B:$B,"<="&$E81)) | I81: =IF(OR($C81="",$D81="",$E81=""),"",SUMIFS(DATA_GOC!$H:$H,DATA_GOC!$A:$A,"BOM",DATA_GOC!$E:$E,$C81,DATA_GOC!$F:$F,"Xuất nội bộ từ téc",DATA_GOC!$B:$B,">="&$D81,DATA_GOC!$B:$B,"<="&$E81)) | J81: =IF($I81="","",N($F81)+N($H81)-N($I81)) | K81: =IF($J81="","",MAX(0,N($J81)-N($G81))) | L81: =IF($J81="","",MAX(0,N($G81)-N($J81))) | M81: =IF($E81="","",MONTH($E81)) | N81: =IF($E81="","",YEAR($E81))
A82: 77 | F82: =IF(OR($C82="",$D82=""),"",IFERROR(LOOKUP(2,1/(($C$6:$C$155=$C82)*($B$6:$B$155="Đã chốt")*($E$6:$E$155<$D82)*($G$6:$G$155<>"")),$G$6:$G$155),"")) | H82: =IF(OR($C82="",$D82="",$E82=""),"",SUMIFS(DATA_GOC!$H:$H,DATA_GOC!$A:$A,"NHAP",DATA_GOC!$E:$E,$C82,DATA_GOC!$B:$B,">="&$D82,DATA_GOC!$B:$B,"<="&$E82)) | I82: =IF(OR($C82="",$D82="",$E82=""),"",SUMIFS(DATA_GOC!$H:$H,DATA_GOC!$A:$A,"BOM",DATA_GOC!$E:$E,$C82,DATA_GOC!$F:$F,"Xuất nội bộ từ téc",DATA_GOC!$B:$B,">="&$D82,DATA_GOC!$B:$B,"<="&$E82)) | J82: =IF($I82="","",N($F82)+N($H82)-N($I82)) | K82: =IF($J82="","",MAX(0,N($J82)-N($G82))) | L82: =IF($J82="","",MAX(0,N($G82)-N($J82))) | M82: =IF($E82="","",MONTH($E82)) | N82: =IF($E82="","",YEAR($E82))
... A155: 150 | F155: =IF(OR($C155="",$D155=""),"",IFERROR(LOOKUP(2,1/(($C$6:$C$155=$C155)*($B$6:$B$155="Đã chốt")*($E$6:$E$155<$D155)*($G$6:$G$155<>"")),$G$6:$G$155),"")) | H155: =IF(OR($C155="",$D155="",$E155=""),"",SUMIFS(DATA_GOC!$H:$H,DATA_GOC!$A:$A,"NHAP",DATA_GOC!$E:$E,$C155,DATA_GOC!$B:$B,">="&$D155,DATA_GOC!$B:$B,"<="&$E155)) | I155: =IF(OR($C155="",$D155="",$E155=""),"",SUMIFS(DATA_GOC!$H:$H,DATA_GOC!$A:$A,"BOM",DATA_GOC!$E:$E,$C155,DATA_GOC!$F:$F,"Xuất nội bộ từ téc",DATA_GOC!$B:$B,">="&$D155,DATA_GOC!$B:$B,"<="&$E155)) | J155: =IF($I155="","",N($F155)+N($H155)-N($I155)) | K155: =IF($J155="","",MAX(0,N($J155)-N($G155))) | L155: =IF($J155="","",MAX(0,N($G155)-N($J155))) | M155: =IF($E155="","",MONTH($E155)) | N155: =IF($E155="","",YEAR($E155))
A157: Các dòng tính kỹ thuật bên dưới đã được ẩn; không xóa vì các sheet tổng hợp đang dùng để cộng phân bổ tịnh.
A158: 2) DASHBOARD KỲ ĐANG XEM - CHỌN MỘT KyTinhID ĐỂ KIỂM TRA | Q158: 3) CÁCH ĐỌC DASHBOARD
A159: Chọn KyTinhID | B159: =$R$5 -> 1 | C159: Trạng thái | D159: {=IFERROR(INDEX($B$6:$B$155,MATCH($B$159,$A$6:$A$155,0)),"")} -> Đã chốt | E159: Téc | F159: {=IFERROR(INDEX($C$6:$C$155,MATCH($B$159,$A$6:$A$155,0)),"")} -> Téc 1 | G159: Từ ngày | H159: {=IFERROR(INDEX($D$6:$D$155,MATCH($B$159,$A$6:$A$155,0)),"")} -> 46132 | I159: Đến ngày | J159: {=IFERROR(INDEX($E$6:$E$155,MATCH($B$159,$A$6:$A$155,0)),"")} -> 46153 | K159: Số ngày | L159: =IF(OR($H$159="",$J$159=""),"",$J$159-$H$159+1) -> 22 | M159: Cảnh báo | N159: =IF($L$159="","",IF($L$159>31,"Kỳ >31 ngày: bảng ngày chỉ hiện 31 ngày đầu, tổng bơm kỳ vẫn tính đủ","OK")) -> OK | Q159: Bước 1 | R159: Nhập kỳ tịnh ở bảng trên: KyTinhID, trạng thái, téc, ngày bắt đầu, ngày téc hết, tồn đầu/sót, tồn thực tế.
Q160: Bước 2 | R160: Kiểm tra bảng phân bổ bên dưới: tổng bơm kỳ, tỷ trọng, tịnh âm/dương phân bổ, tiêu hao sau tịnh.
A161: Tồn đầu/sót | C161: Nhập trong kỳ | E161: Xuất đồng hồ | G161: Tồn sổ trước chốt | I161: Tồn thực tế | K161: Tịnh âm tổng | M161: Tịnh dương tổng | Q161: Bước 3 | R161: Nếu dữ liệu đúng, đổi Trạng thái thành Đã chốt. Khi đó TONG_HOP_TEC, TONG_HOP_XE và TON_KHO mới cộng số tịnh.
A162: {=IFERROR(INDEX($F$6:$F$155,MATCH($B$159,$A$6:$A$155,0)),"")} | C162: {=IFERROR(INDEX($H$6:$H$155,MATCH($B$159,$A$6:$A$155,0)),"")} -> 14160 | E162: {=IFERROR(INDEX($I$6:$I$155,MATCH($B$159,$A$6:$A$155,0)),"")} -> 13789 | G162: {=IFERROR(INDEX($J$6:$J$155,MATCH($B$159,$A$6:$A$155,0)),"")} -> 371 | I162: {=IFERROR(INDEX($G$6:$G$155,MATCH($B$159,$A$6:$A$155,0)),"")} | K162: {=IFERROR(INDEX($K$6:$K$155,MATCH($B$159,$A$6:$A$155,0)),"")} -> 371 | M162: {=IFERROR(INDEX($L$6:$L$155,MATCH($B$159,$A$6:$A$155,0)),"")} -> 0
A165: 4) BẢNG PHÂN BỔ KỲ ĐANG CHỌN - GẦN GIỐNG TỔNG HỢP TÉC
A167: # | B167: Xe / phương tiện | C167: =IF($H$159="","",IF($H$159+COLUMN(C1)-COLUMN($C$1)>$J$159,"",$H$159+COLUMN(C1)-COLUMN($C$1))) -> 46132 | D167: =IF($H$159="","",IF($H$159+COLUMN(D1)-COLUMN($C$1)>$J$159,"",$H$159+COLUMN(D1)-COLUMN($C$1))) -> 46133 | E167: =IF($H$159="","",IF($H$159+COLUMN(E1)-COLUMN($C$1)>$J$159,"",$H$159+COLUMN(E1)-COLUMN($C$1))) -> 46134 | F167: =IF($H$159="","",IF($H$159+COLUMN(F1)-COLUMN($C$1)>$J$159,"",$H$159+COLUMN(F1)-COLUMN($C$1))) -> 46135 | G167: =IF($H$159="","",IF($H$159+COLUMN(G1)-COLUMN($C$1)>$J$159,"",$H$159+COLUMN(G1)-COLUMN($C$1))) -> 46136 | H167: =IF($H$159="","",IF($H$159+COLUMN(H1)-COLUMN($C$1)>$J$159,"",$H$159+COLUMN(H1)-COLUMN($C$1))) -> 46137 | I167: =IF($H$159="","",IF($H$159+COLUMN(I1)-COLUMN($C$1)>$J$159,"",$H$159+COLUMN(I1)-COLUMN($C$1))) -> 46138 | J167: =IF($H$159="","",IF($H$159+COLUMN(J1)-COLUMN($C$1)>$J$159,"",$H$159+COLUMN(J1)-COLUMN($C$1))) -> 46139 | ... AG167: =IF($H$159="","",IF($H$159+COLUMN(AG1)-COLUMN($C$1)>$J$159,"",$H$159+COLUMN(AG1)-COLUMN($C$1))) | AH167: Tổng bơm kỳ | AI167: Tỷ trọng | AJ167: Tịnh âm PB | AK167: Tịnh dương PB | AL167: Tiêu hao sau tịnh
A168: =IF($B168<>"",ROW()-167,"") -> 1 | B168: {=IFERROR(IF(INDEX(DANH_MUC!$E:$E,4)="","",INDEX(DANH_MUC!$E:$E,4)),"")} -> 19H09482 | C168: =IF(C$167="","",SUMIFS(DATA_GOC!$H:$H,DATA_GOC!$A:$A,"BOM",DATA_GOC!$D:$D,$B168,DATA_GOC!$E:$E,$F$159,DATA_GOC!$F:$F,"Xuất nội bộ từ téc",DATA_GOC!$B:$B,C$167)) -> 0 | D168: =IF(D$167="","",SUMIFS(DATA_GOC!$H:$H,DATA_GOC!$A:$A,"BOM",DATA_GOC!$D:$D,$B168,DATA_GOC!$E:$E,$F$159,DATA_GOC!$F:$F,"Xuất nội bộ từ téc",DATA_GOC!$B:$B,D$167)) -> 0 | E168: =IF(E$167="","",SUMIFS(DATA_GOC!$H:$H,DATA_GOC!$A:$A,"BOM",DATA_GOC!$D:$D,$B168,DATA_GOC!$E:$E,$F$159,DATA_GOC!$F:$F,"Xuất nội bộ từ téc",DATA_GOC!$B:$B,E$167)) -> 0 | F168: =IF(F$167="","",SUMIFS(DATA_GOC!$H:$H,DATA_GOC!$A:$A,"BOM",DATA_GOC!$D:$D,$B168,DATA_GOC!$E:$E,$F$159,DATA_GOC!$F:$F,"Xuất nội bộ từ téc",DATA_GOC!$B:$B,F$167)) -> 0 | G168: =IF(G$167="","",SUMIFS(DATA_GOC!$H:$H,DATA_GOC!$A:$A,"BOM",DATA_GOC!$D:$D,$B168,DATA_GOC!$E:$E,$F$159,DATA_GOC!$F:$F,"Xuất nội bộ từ téc",DATA_GOC!$B:$B,G$167)) -> 0 | H168: =IF(H$167="","",SUMIFS(DATA_GOC!$H:$H,DATA_GOC!$A:$A,"BOM",DATA_GOC!$D:$D,$B168,DATA_GOC!$E:$E,$F$159,DATA_GOC!$F:$F,"Xuất nội bộ từ téc",DATA_GOC!$B:$B,H$167)) -> 0 | I168: =IF(I$167="","",SUMIFS(DATA_GOC!$H:$H,DATA_GOC!$A:$A,"BOM",DATA_GOC!$D:$D,$B168,DATA_GOC!$E:$E,$F$159,DATA_GOC!$F:$F,"Xuất nội bộ từ téc",DATA_GOC!$B:$B,I$167)) -> 0 | J168: =IF(J$167="","",SUMIFS(DATA_GOC!$H:$H,DATA_GOC!$A:$A,"BOM",DATA_GOC!$D:$D,$B168,DATA_GOC!$E:$E,$F$159,DATA_GOC!$F:$F,"Xuất nội bộ từ téc",DATA_GOC!$B:$B,J$167)) -> 0 | ... AG168: =IF(AG$167="","",SUMIFS(DATA_GOC!$H:$H,DATA_GOC!$A:$A,"BOM",DATA_GOC!$D:$D,$B168,DATA_GOC!$E:$E,$F$159,DATA_GOC!$F:$F,"Xuất nội bộ từ téc",DATA_GOC!$B:$B,AG$167)) | AH168: =IF($B168="","",SUMIFS(DATA_GOC!$H:$H,DATA_GOC!$A:$A,"BOM",DATA_GOC!$D:$D,$B168,DATA_GOC!$E:$E,$F$159,DATA_GOC!$F:$F,"Xuất nội bộ từ téc",DATA_GOC!$B:$B,">="&$H$159,DATA_GOC!$B:$B,"<="&$J$159)) -> 480 | AI168: =IFERROR(AH168/$E$162,0) -> 0.034810356 | AJ168: =IFERROR(ROUND(AH168*$K$162/$E$162,3),0) -> 12.915 | AK168: =IFERROR(ROUND(AH168*$M$162/$E$162,3),0) -> 0 | AL168: =IF($B168="","",N(AH168)+N(AJ168)-N(AK168)) -> 492.915
A169: =IF($B169<>"",ROW()-167,"") -> 2 | B169: {=IFERROR(IF(INDEX(DANH_MUC!$E:$E,5)="","",INDEX(DANH_MUC!$E:$E,5)),"")} -> 28A30696 | C169: =IF(C$167="","",SUMIFS(DATA_GOC!$H:$H,DATA_GOC!$A:$A,"BOM",DATA_GOC!$D:$D,$B169,DATA_GOC!$E:$E,$F$159,DATA_GOC!$F:$F,"Xuất nội bộ từ téc",DATA_GOC!$B:$B,C$167)) -> 0 | D169: =IF(D$167="","",SUMIFS(DATA_GOC!$H:$H,DATA_GOC!$A:$A,"BOM",DATA_GOC!$D:$D,$B169,DATA_GOC!$E:$E,$F$159,DATA_GOC!$F:$F,"Xuất nội bộ từ téc",DATA_GOC!$B:$B,D$167)) -> 0 | E169: =IF(E$167="","",SUMIFS(DATA_GOC!$H:$H,DATA_GOC!$A:$A,"BOM",DATA_GOC!$D:$D,$B169,DATA_GOC!$E:$E,$F$159,DATA_GOC!$F:$F,"Xuất nội bộ từ téc",DATA_GOC!$B:$B,E$167)) -> 0 | F169: =IF(F$167="","",SUMIFS(DATA_GOC!$H:$H,DATA_GOC!$A:$A,"BOM",DATA_GOC!$D:$D,$B169,DATA_GOC!$E:$E,$F$159,DATA_GOC!$F:$F,"Xuất nội bộ từ téc",DATA_GOC!$B:$B,F$167)) -> 0 | G169: =IF(G$167="","",SUMIFS(DATA_GOC!$H:$H,DATA_GOC!$A:$A,"BOM",DATA_GOC!$D:$D,$B169,DATA_GOC!$E:$E,$F$159,DATA_GOC!$F:$F,"Xuất nội bộ từ téc",DATA_GOC!$B:$B,G$167)) -> 0 | H169: =IF(H$167="","",SUMIFS(DATA_GOC!$H:$H,DATA_GOC!$A:$A,"BOM",DATA_GOC!$D:$D,$B169,DATA_GOC!$E:$E,$F$159,DATA_GOC!$F:$F,"Xuất nội bộ từ téc",DATA_GOC!$B:$B,H$167)) -> 0 | I169: =IF(I$167="","",SUMIFS(DATA_GOC!$H:$H,DATA_GOC!$A:$A,"BOM",DATA_GOC!$D:$D,$B169,DATA_GOC!$E:$E,$F$159,DATA_GOC!$F:$F,"Xuất nội bộ từ téc",DATA_GOC!$B:$B,I$167)) -> 0 | J169: =IF(J$167="","",SUMIFS(DATA_GOC!$H:$H,DATA_GOC!$A:$A,"BOM",DATA_GOC!$D:$D,$B169,DATA_GOC!$E:$E,$F$159,DATA_GOC!$F:$F,"Xuất nội bộ từ téc",DATA_GOC!$B:$B,J$167)) -> 0 | ... AG169: =IF(AG$167="","",SUMIFS(DATA_GOC!$H:$H,DATA_GOC!$A:$A,"BOM",DATA_GOC!$D:$D,$B169,DATA_GOC!$E:$E,$F$159,DATA_GOC!$F:$F,"Xuất nội bộ từ téc",DATA_GOC!$B:$B,AG$167)) | AH169: =IF($B169="","",SUMIFS(DATA_GOC!$H:$H,DATA_GOC!$A:$A,"BOM",DATA_GOC!$D:$D,$B169,DATA_GOC!$E:$E,$F$159,DATA_GOC!$F:$F,"Xuất nội bộ từ téc",DATA_GOC!$B:$B,">="&$H$159,DATA_GOC!$B:$B,"<="&$J$159)) -> 35 | AI169: =IFERROR(AH169/$E$162,0) -> 0.0025382551 | AJ169: =IFERROR(ROUND(AH169*$K$162/$E$162,3),0) -> 0.942 | AK169: =IFERROR(ROUND(AH169*$M$162/$E$162,3),0) -> 0 | AL169: =IF($B169="","",N(AH169)+N(AJ169)-N(AK169)) -> 35.942
A170: =IF($B170<>"",ROW()-167,"") -> 3 | B170: {=IFERROR(IF(INDEX(DANH_MUC!$E:$E,6)="","",INDEX(DANH_MUC!$E:$E,6)),"")} -> 28C00462 | C170: =IF(C$167="","",SUMIFS(DATA_GOC!$H:$H,DATA_GOC!$A:$A,"BOM",DATA_GOC!$D:$D,$B170,DATA_GOC!$E:$E,$F$159,DATA_GOC!$F:$F,"Xuất nội bộ từ téc",DATA_GOC!$B:$B,C$167)) -> 0 | D170: =IF(D$167="","",SUMIFS(DATA_GOC!$H:$H,DATA_GOC!$A:$A,"BOM",DATA_GOC!$D:$D,$B170,DATA_GOC!$E:$E,$F$159,DATA_GOC!$F:$F,"Xuất nội bộ từ téc",DATA_GOC!$B:$B,D$167)) -> 0 | E170: =IF(E$167="","",SUMIFS(DATA_GOC!$H:$H,DATA_GOC!$A:$A,"BOM",DATA_GOC!$D:$D,$B170,DATA_GOC!$E:$E,$F$159,DATA_GOC!$F:$F,"Xuất nội bộ từ téc",DATA_GOC!$B:$B,E$167)) -> 0 | F170: =IF(F$167="","",SUMIFS(DATA_GOC!$H:$H,DATA_GOC!$A:$A,"BOM",DATA_GOC!$D:$D,$B170,DATA_GOC!$E:$E,$F$159,DATA_GOC!$F:$F,"Xuất nội bộ từ téc",DATA_GOC!$B:$B,F$167)) -> 0 | G170: =IF(G$167="","",SUMIFS(DATA_GOC!$H:$H,DATA_GOC!$A:$A,"BOM",DATA_GOC!$D:$D,$B170,DATA_GOC!$E:$E,$F$159,DATA_GOC!$F:$F,"Xuất nội bộ từ téc",DATA_GOC!$B:$B,G$167)) -> 0 | H170: =IF(H$167="","",SUMIFS(DATA_GOC!$H:$H,DATA_GOC!$A:$A,"BOM",DATA_GOC!$D:$D,$B170,DATA_GOC!$E:$E,$F$159,DATA_GOC!$F:$F,"Xuất nội bộ từ téc",DATA_GOC!$B:$B,H$167)) -> 0 | I170: =IF(I$167="","",SUMIFS(DATA_GOC!$H:$H,DATA_GOC!$A:$A,"BOM",DATA_GOC!$D:$D,$B170,DATA_GOC!$E:$E,$F$159,DATA_GOC!$F:$F,"Xuất nội bộ từ téc",DATA_GOC!$B:$B,I$167)) -> 0 | J170: =IF(J$167="","",SUMIFS(DATA_GOC!$H:$H,DATA_GOC!$A:$A,"BOM",DATA_GOC!$D:$D,$B170,DATA_GOC!$E:$E,$F$159,DATA_GOC!$F:$F,"Xuất nội bộ từ téc",DATA_GOC!$B:$B,J$167)) -> 0 | ... AG170: =IF(AG$167="","",SUMIFS(DATA_GOC!$H:$H,DATA_GOC!$A:$A,"BOM",DATA_GOC!$D:$D,$B170,DATA_GOC!$E:$E,$F$159,DATA_GOC!$F:$F,"Xuất nội bộ từ téc",DATA_GOC!$B:$B,AG$167)) | AH170: =IF($B170="","",SUMIFS(DATA_GOC!$H:$H,DATA_GOC!$A:$A,"BOM",DATA_GOC!$D:$D,$B170,DATA_GOC!$E:$E,$F$159,DATA_GOC!$F:$F,"Xuất nội bộ từ téc",DATA_GOC!$B:$B,">="&$H$159,DATA_GOC!$B:$B,"<="&$J$159)) -> 107 | AI170: =IFERROR(AH170/$E$162,0) -> 0.0077598085 | AJ170: =IFERROR(ROUND(AH170*$K$162/$E$162,3),0) -> 2.879 | AK170: =IFERROR(ROUND(AH170*$M$162/$E$162,3),0) -> 0 | AL170: =IF($B170="","",N(AH170)+N(AJ170)-N(AK170)) -> 109.879
A171: =IF($B171<>"",ROW()-167,"") -> 4 | B171: {=IFERROR(IF(INDEX(DANH_MUC!$E:$E,7)="","",INDEX(DANH_MUC!$E:$E,7)),"")} -> 28C01165 | C171: =IF(C$167="","",SUMIFS(DATA_GOC!$H:$H,DATA_GOC!$A:$A,"BOM",DATA_GOC!$D:$D,$B171,DATA_GOC!$E:$E,$F$159,DATA_GOC!$F:$F,"Xuất nội bộ từ téc",DATA_GOC!$B:$B,C$167)) -> 0 | D171: =IF(D$167="","",SUMIFS(DATA_GOC!$H:$H,DATA_GOC!$A:$A,"BOM",DATA_GOC!$D:$D,$B171,DATA_GOC!$E:$E,$F$159,DATA_GOC!$F:$F,"Xuất nội bộ từ téc",DATA_GOC!$B:$B,D$167)) -> 0 | E171: =IF(E$167="","",SUMIFS(DATA_GOC!$H:$H,DATA_GOC!$A:$A,"BOM",DATA_GOC!$D:$D,$B171,DATA_GOC!$E:$E,$F$159,DATA_GOC!$F:$F,"Xuất nội bộ từ téc",DATA_GOC!$B:$B,E$167)) -> 0 | F171: =IF(F$167="","",SUMIFS(DATA_GOC!$H:$H,DATA_GOC!$A:$A,"BOM",DATA_GOC!$D:$D,$B171,DATA_GOC!$E:$E,$F$159,DATA_GOC!$F:$F,"Xuất nội bộ từ téc",DATA_GOC!$B:$B,F$167)) -> 0 | G171: =IF(G$167="","",SUMIFS(DATA_GOC!$H:$H,DATA_GOC!$A:$A,"BOM",DATA_GOC!$D:$D,$B171,DATA_GOC!$E:$E,$F$159,DATA_GOC!$F:$F,"Xuất nội bộ từ téc",DATA_GOC!$B:$B,G$167)) -> 0 | H171: =IF(H$167="","",SUMIFS(DATA_GOC!$H:$H,DATA_GOC!$A:$A,"BOM",DATA_GOC!$D:$D,$B171,DATA_GOC!$E:$E,$F$159,DATA_GOC!$F:$F,"Xuất nội bộ từ téc",DATA_GOC!$B:$B,H$167)) -> 0 | I171: =IF(I$167="","",SUMIFS(DATA_GOC!$H:$H,DATA_GOC!$A:$A,"BOM",DATA_GOC!$D:$D,$B171,DATA_GOC!$E:$E,$F$159,DATA_GOC!$F:$F,"Xuất nội bộ từ téc",DATA_GOC!$B:$B,I$167)) -> 0 | J171: =IF(J$167="","",SUMIFS(DATA_GOC!$H:$H,DATA_GOC!$A:$A,"BOM",DATA_GOC!$D:$D,$B171,DATA_GOC!$E:$E,$F$159,DATA_GOC!$F:$F,"Xuất nội bộ từ téc",DATA_GOC!$B:$B,J$167)) -> 0 | ... AG171: =IF(AG$167="","",SUMIFS(DATA_GOC!$H:$H,DATA_GOC!$A:$A,"BOM",DATA_GOC!$D:$D,$B171,DATA_GOC!$E:$E,$F$159,DATA_GOC!$F:$F,"Xuất nội bộ từ téc",DATA_GOC!$B:$B,AG$167)) | AH171: =IF($B171="","",SUMIFS(DATA_GOC!$H:$H,DATA_GOC!$A:$A,"BOM",DATA_GOC!$D:$D,$B171,DATA_GOC!$E:$E,$F$159,DATA_GOC!$F:$F,"Xuất nội bộ từ téc",DATA_GOC!$B:$B,">="&$H$159,DATA_GOC!$B:$B,"<="&$J$159)) -> 0 | AI171: =IFERROR(AH171/$E$162,0) -> 0 | AJ171: =IFERROR(ROUND(AH171*$K$162/$E$162,3),0) -> 0 | AK171: =IFERROR(ROUND(AH171*$M$162/$E$162,3),0) -> 0 | AL171: =IF($B171="","",N(AH171)+N(AJ171)-N(AK171)) -> 0
A172: =IF($B172<>"",ROW()-167,"") -> 5 | B172: {=IFERROR(IF(INDEX(DANH_MUC!$E:$E,8)="","",INDEX(DANH_MUC!$E:$E,8)),"")} -> 28C01406 | C172: =IF(C$167="","",SUMIFS(DATA_GOC!$H:$H,DATA_GOC!$A:$A,"BOM",DATA_GOC!$D:$D,$B172,DATA_GOC!$E:$E,$F$159,DATA_GOC!$F:$F,"Xuất nội bộ từ téc",DATA_GOC!$B:$B,C$167)) -> 0 | D172: =IF(D$167="","",SUMIFS(DATA_GOC!$H:$H,DATA_GOC!$A:$A,"BOM",DATA_GOC!$D:$D,$B172,DATA_GOC!$E:$E,$F$159,DATA_GOC!$F:$F,"Xuất nội bộ từ téc",DATA_GOC!$B:$B,D$167)) -> 0 | E172: =IF(E$167="","",SUMIFS(DATA_GOC!$H:$H,DATA_GOC!$A:$A,"BOM",DATA_GOC!$D:$D,$B172,DATA_GOC!$E:$E,$F$159,DATA_GOC!$F:$F,"Xuất nội bộ từ téc",DATA_GOC!$B:$B,E$167)) -> 0 | F172: =IF(F$167="","",SUMIFS(DATA_GOC!$H:$H,DATA_GOC!$A:$A,"BOM",DATA_GOC!$D:$D,$B172,DATA_GOC!$E:$E,$F$159,DATA_GOC!$F:$F,"Xuất nội bộ từ téc",DATA_GOC!$B:$B,F$167)) -> 0 | G172: =IF(G$167="","",SUMIFS(DATA_GOC!$H:$H,DATA_GOC!$A:$A,"BOM",DATA_GOC!$D:$D,$B172,DATA_GOC!$E:$E,$F$159,DATA_GOC!$F:$F,"Xuất nội bộ từ téc",DATA_GOC!$B:$B,G$167)) -> 0 | H172: =IF(H$167="","",SUMIFS(DATA_GOC!$H:$H,DATA_GOC!$A:$A,"BOM",DATA_GOC!$D:$D,$B172,DATA_GOC!$E:$E,$F$159,DATA_GOC!$F:$F,"Xuất nội bộ từ téc",DATA_GOC!$B:$B,H$167)) -> 0 | I172: =IF(I$167="","",SUMIFS(DATA_GOC!$H:$H,DATA_GOC!$A:$A,"BOM",DATA_GOC!$D:$D,$B172,DATA_GOC!$E:$E,$F$159,DATA_GOC!$F:$F,"Xuất nội bộ từ téc",DATA_GOC!$B:$B,I$167)) -> 0 | J172: =IF(J$167="","",SUMIFS(DATA_GOC!$H:$H,DATA_GOC!$A:$A,"BOM",DATA_GOC!$D:$D,$B172,DATA_GOC!$E:$E,$F$159,DATA_GOC!$F:$F,"Xuất nội bộ từ téc",DATA_GOC!$B:$B,J$167)) -> 0 | ... AG172: =IF(AG$167="","",SUMIFS(DATA_GOC!$H:$H,DATA_GOC!$A:$A,"BOM",DATA_GOC!$D:$D,$B172,DATA_GOC!$E:$E,$F$159,DATA_GOC!$F:$F,"Xuất nội bộ từ téc",DATA_GOC!$B:$B,AG$167)) | AH172: =IF($B172="","",SUMIFS(DATA_GOC!$H:$H,DATA_GOC!$A:$A,"BOM",DATA_GOC!$D:$D,$B172,DATA_GOC!$E:$E,$F$159,DATA_GOC!$F:$F,"Xuất nội bộ từ téc",DATA_GOC!$B:$B,">="&$H$159,DATA_GOC!$B:$B,"<="&$J$159)) -> 370 | AI172: =IFERROR(AH172/$E$162,0) -> 0.026832983 | AJ172: =IFERROR(ROUND(AH172*$K$162/$E$162,3),0) -> 9.955 | AK172: =IFERROR(ROUND(AH172*$M$162/$E$162,3),0) -> 0 | AL172: =IF($B172="","",N(AH172)+N(AJ172)-N(AK172)) -> 379.955
A173: =IF($B173<>"",ROW()-167,"") -> 6 | B173: {=IFERROR(IF(INDEX(DANH_MUC!$E:$E,9)="","",INDEX(DANH_MUC!$E:$E,9)),"")} -> 28C01544 | C173: =IF(C$167="","",SUMIFS(DATA_GOC!$H:$H,DATA_GOC!$A:$A,"BOM",DATA_GOC!$D:$D,$B173,DATA_GOC!$E:$E,$F$159,DATA_GOC!$F:$F,"Xuất nội bộ từ téc",DATA_GOC!$B:$B,C$167)) -> 0 | D173: =IF(D$167="","",SUMIFS(DATA_GOC!$H:$H,DATA_GOC!$A:$A,"BOM",DATA_GOC!$D:$D,$B173,DATA_GOC!$E:$E,$F$159,DATA_GOC!$F:$F,"Xuất nội bộ từ téc",DATA_GOC!$B:$B,D$167)) -> 0 | E173: =IF(E$167="","",SUMIFS(DATA_GOC!$H:$H,DATA_GOC!$A:$A,"BOM",DATA_GOC!$D:$D,$B173,DATA_GOC!$E:$E,$F$159,DATA_GOC!$F:$F,"Xuất nội bộ từ téc",DATA_GOC!$B:$B,E$167)) -> 0 | F173: =IF(F$167="","",SUMIFS(DATA_GOC!$H:$H,DATA_GOC!$A:$A,"BOM",DATA_GOC!$D:$D,$B173,DATA_GOC!$E:$E,$F$159,DATA_GOC!$F:$F,"Xuất nội bộ từ téc",DATA_GOC!$B:$B,F$167)) -> 0 | G173: =IF(G$167="","",SUMIFS(DATA_GOC!$H:$H,DATA_GOC!$A:$A,"BOM",DATA_GOC!$D:$D,$B173,DATA_GOC!$E:$E,$F$159,DATA_GOC!$F:$F,"Xuất nội bộ từ téc",DATA_GOC!$B:$B,G$167)) -> 0 | H173: =IF(H$167="","",SUMIFS(DATA_GOC!$H:$H,DATA_GOC!$A:$A,"BOM",DATA_GOC!$D:$D,$B173,DATA_GOC!$E:$E,$F$159,DATA_GOC!$F:$F,"Xuất nội bộ từ téc",DATA_GOC!$B:$B,H$167)) -> 0 | I173: =IF(I$167="","",SUMIFS(DATA_GOC!$H:$H,DATA_GOC!$A:$A,"BOM",DATA_GOC!$D:$D,$B173,DATA_GOC!$E:$E,$F$159,DATA_GOC!$F:$F,"Xuất nội bộ từ téc",DATA_GOC!$B:$B,I$167)) -> 0 | J173: =IF(J$167="","",SUMIFS(DATA_GOC!$H:$H,DATA_GOC!$A:$A,"BOM",DATA_GOC!$D:$D,$B173,DATA_GOC!$E:$E,$F$159,DATA_GOC!$F:$F,"Xuất nội bộ từ téc",DATA_GOC!$B:$B,J$167)) -> 0 | ... AG173: =IF(AG$167="","",SUMIFS(DATA_GOC!$H:$H,DATA_GOC!$A:$A,"BOM",DATA_GOC!$D:$D,$B173,DATA_GOC!$E:$E,$F$159,DATA_GOC!$F:$F,"Xuất nội bộ từ téc",DATA_GOC!$B:$B,AG$167)) | AH173: =IF($B173="","",SUMIFS(DATA_GOC!$H:$H,DATA_GOC!$A:$A,"BOM",DATA_GOC!$D:$D,$B173,DATA_GOC!$E:$E,$F$159,DATA_GOC!$F:$F,"Xuất nội bộ từ téc",DATA_GOC!$B:$B,">="&$H$159,DATA_GOC!$B:$B,"<="&$J$159)) -> 46 | AI173: =IFERROR(AH173/$E$162,0) -> 0.0033359925 | AJ173: =IFERROR(ROUND(AH173*$K$162/$E$162,3),0) -> 1.238 | AK173: =IFERROR(ROUND(AH173*$M$162/$E$162,3),0) -> 0 | AL173: =IF($B173="","",N(AH173)+N(AJ173)-N(AK173)) -> 47.238
A174: =IF($B174<>"",ROW()-167,"") -> 7 | B174: {=IFERROR(IF(INDEX(DANH_MUC!$E:$E,10)="","",INDEX(DANH_MUC!$E:$E,10)),"")} -> 28C01622 | C174: =IF(C$167="","",SUMIFS(DATA_GOC!$H:$H,DATA_GOC!$A:$A,"BOM",DATA_GOC!$D:$D,$B174,DATA_GOC!$E:$E,$F$159,DATA_GOC!$F:$F,"Xuất nội bộ từ téc",DATA_GOC!$B:$B,C$167)) -> 0 | D174: =IF(D$167="","",SUMIFS(DATA_GOC!$H:$H,DATA_GOC!$A:$A,"BOM",DATA_GOC!$D:$D,$B174,DATA_GOC!$E:$E,$F$159,DATA_GOC!$F:$F,"Xuất nội bộ từ téc",DATA_GOC!$B:$B,D$167)) -> 0 | E174: =IF(E$167="","",SUMIFS(DATA_GOC!$H:$H,DATA_GOC!$A:$A,"BOM",DATA_GOC!$D:$D,$B174,DATA_GOC!$E:$E,$F$159,DATA_GOC!$F:$F,"Xuất nội bộ từ téc",DATA_GOC!$B:$B,E$167)) -> 0 | F174: =IF(F$167="","",SUMIFS(DATA_GOC!$H:$H,DATA_GOC!$A:$A,"BOM",DATA_GOC!$D:$D,$B174,DATA_GOC!$E:$E,$F$159,DATA_GOC!$F:$F,"Xuất nội bộ từ téc",DATA_GOC!$B:$B,F$167)) -> 0 | G174: =IF(G$167="","",SUMIFS(DATA_GOC!$H:$H,DATA_GOC!$A:$A,"BOM",DATA_GOC!$D:$D,$B174,DATA_GOC!$E:$E,$F$159,DATA_GOC!$F:$F,"Xuất nội bộ từ téc",DATA_GOC!$B:$B,G$167)) -> 0 | H174: =IF(H$167="","",SUMIFS(DATA_GOC!$H:$H,DATA_GOC!$A:$A,"BOM",DATA_GOC!$D:$D,$B174,DATA_GOC!$E:$E,$F$159,DATA_GOC!$F:$F,"Xuất nội bộ từ téc",DATA_GOC!$B:$B,H$167)) -> 0 | I174: =IF(I$167="","",SUMIFS(DATA_GOC!$H:$H,DATA_GOC!$A:$A,"BOM",DATA_GOC!$D:$D,$B174,DATA_GOC!$E:$E,$F$159,DATA_GOC!$F:$F,"Xuất nội bộ từ téc",DATA_GOC!$B:$B,I$167)) -> 0 | J174: =IF(J$167="","",SUMIFS(DATA_GOC!$H:$H,DATA_GOC!$A:$A,"BOM",DATA_GOC!$D:$D,$B174,DATA_GOC!$E:$E,$F$159,DATA_GOC!$F:$F,"Xuất nội bộ từ téc",DATA_GOC!$B:$B,J$167)) -> 0 | ... AG174: =IF(AG$167="","",SUMIFS(DATA_GOC!$H:$H,DATA_GOC!$A:$A,"BOM",DATA_GOC!$D:$D,$B174,DATA_GOC!$E:$E,$F$159,DATA_GOC!$F:$F,"Xuất nội bộ từ téc",DATA_GOC!$B:$B,AG$167)) | AH174: =IF($B174="","",SUMIFS(DATA_GOC!$H:$H,DATA_GOC!$A:$A,"BOM",DATA_GOC!$D:$D,$B174,DATA_GOC!$E:$E,$F$159,DATA_GOC!$F:$F,"Xuất nội bộ từ téc",DATA_GOC!$B:$B,">="&$H$159,DATA_GOC!$B:$B,"<="&$J$159)) -> 740 | AI174: =IFERROR(AH174/$E$162,0) -> 0.053665966 | AJ174: =IFERROR(ROUND(AH174*$K$162/$E$162,3),0) -> 19.91 | AK174: =IFERROR(ROUND(AH174*$M$162/$E$162,3),0) -> 0 | AL174: =IF($B174="","",N(AH174)+N(AJ174)-N(AK174)) -> 759.91
A175: =IF($B175<>"",ROW()-167,"") -> 8 | B175: {=IFERROR(IF(INDEX(DANH_MUC!$E:$E,11)="","",INDEX(DANH_MUC!$E:$E,11)),"")} -> 28C01647 | C175: =IF(C$167="","",SUMIFS(DATA_GOC!$H:$H,DATA_GOC!$A:$A,"BOM",DATA_GOC!$D:$D,$B175,DATA_GOC!$E:$E,$F$159,DATA_GOC!$F:$F,"Xuất nội bộ từ téc",DATA_GOC!$B:$B,C$167)) -> 0 | D175: =IF(D$167="","",SUMIFS(DATA_GOC!$H:$H,DATA_GOC!$A:$A,"BOM",DATA_GOC!$D:$D,$B175,DATA_GOC!$E:$E,$F$159,DATA_GOC!$F:$F,"Xuất nội bộ từ téc",DATA_GOC!$B:$B,D$167)) -> 0 | E175: =IF(E$167="","",SUMIFS(DATA_GOC!$H:$H,DATA_GOC!$A:$A,"BOM",DATA_GOC!$D:$D,$B175,DATA_GOC!$E:$E,$F$159,DATA_GOC!$F:$F,"Xuất nội bộ từ téc",DATA_GOC!$B:$B,E$167)) -> 0 | F175: =IF(F$167="","",SUMIFS(DATA_GOC!$H:$H,DATA_GOC!$A:$A,"BOM",DATA_GOC!$D:$D,$B175,DATA_GOC!$E:$E,$F$159,DATA_GOC!$F:$F,"Xuất nội bộ từ téc",DATA_GOC!$B:$B,F$167)) -> 0 | G175: =IF(G$167="","",SUMIFS(DATA_GOC!$H:$H,DATA_GOC!$A:$A,"BOM",DATA_GOC!$D:$D,$B175,DATA_GOC!$E:$E,$F$159,DATA_GOC!$F:$F,"Xuất nội bộ từ téc",DATA_GOC!$B:$B,G$167)) -> 0 | H175: =IF(H$167="","",SUMIFS(DATA_GOC!$H:$H,DATA_GOC!$A:$A,"BOM",DATA_GOC!$D:$D,$B175,DATA_GOC!$E:$E,$F$159,DATA_GOC!$F:$F,"Xuất nội bộ từ téc",DATA_GOC!$B:$B,H$167)) -> 0 | I175: =IF(I$167="","",SUMIFS(DATA_GOC!$H:$H,DATA_GOC!$A:$A,"BOM",DATA_GOC!$D:$D,$B175,DATA_GOC!$E:$E,$F$159,DATA_GOC!$F:$F,"Xuất nội bộ từ téc",DATA_GOC!$B:$B,I$167)) -> 0 | J175: =IF(J$167="","",SUMIFS(DATA_GOC!$H:$H,DATA_GOC!$A:$A,"BOM",DATA_GOC!$D:$D,$B175,DATA_GOC!$E:$E,$F$159,DATA_GOC!$F:$F,"Xuất nội bộ từ téc",DATA_GOC!$B:$B,J$167)) -> 0 | ... AG175: =IF(AG$167="","",SUMIFS(DATA_GOC!$H:$H,DATA_GOC!$A:$A,"BOM",DATA_GOC!$D:$D,$B175,DATA_GOC!$E:$E,$F$159,DATA_GOC!$F:$F,"Xuất nội bộ từ téc",DATA_GOC!$B:$B,AG$167)) | AH175: =IF($B175="","",SUMIFS(DATA_GOC!$H:$H,DATA_GOC!$A:$A,"BOM",DATA_GOC!$D:$D,$B175,DATA_GOC!$E:$E,$F$159,DATA_GOC!$F:$F,"Xuất nội bộ từ téc",DATA_GOC!$B:$B,">="&$H$159,DATA_GOC!$B:$B,"<="&$J$159)) -> 444 | AI175: =IFERROR(AH175/$E$162,0) -> 0.032199579 | AJ175: =IFERROR(ROUND(AH175*$K$162/$E$162,3),0) -> 11.946 | AK175: =IFERROR(ROUND(AH175*$M$162/$E$162,3),0) -> 0 | AL175: =IF($B175="","",N(AH175)+N(AJ175)-N(AK175)) -> 455.946
A176: =IF($B176<>"",ROW()-167,"") -> 9 | B176: {=IFERROR(IF(INDEX(DANH_MUC!$E:$E,12)="","",INDEX(DANH_MUC!$E:$E,12)),"")} -> 28C01731 | C176: =IF(C$167="","",SUMIFS(DATA_GOC!$H:$H,DATA_GOC!$A:$A,"BOM",DATA_GOC!$D:$D,$B176,DATA_GOC!$E:$E,$F$159,DATA_GOC!$F:$F,"Xuất nội bộ từ téc",DATA_GOC!$B:$B,C$167)) -> 0 | D176: =IF(D$167="","",SUMIFS(DATA_GOC!$H:$H,DATA_GOC!$A:$A,"BOM",DATA_GOC!$D:$D,$B176,DATA_GOC!$E:$E,$F$159,DATA_GOC!$F:$F,"Xuất nội bộ từ téc",DATA_GOC!$B:$B,D$167)) -> 0 | E176: =IF(E$167="","",SUMIFS(DATA_GOC!$H:$H,DATA_GOC!$A:$A,"BOM",DATA_GOC!$D:$D,$B176,DATA_GOC!$E:$E,$F$159,DATA_GOC!$F:$F,"Xuất nội bộ từ téc",DATA_GOC!$B:$B,E$167)) -> 0 | F176: =IF(F$167="","",SUMIFS(DATA_GOC!$H:$H,DATA_GOC!$A:$A,"BOM",DATA_GOC!$D:$D,$B176,DATA_GOC!$E:$E,$F$159,DATA_GOC!$F:$F,"Xuất nội bộ từ téc",DATA_GOC!$B:$B,F$167)) -> 0 | G176: =IF(G$167="","",SUMIFS(DATA_GOC!$H:$H,DATA_GOC!$A:$A,"BOM",DATA_GOC!$D:$D,$B176,DATA_GOC!$E:$E,$F$159,DATA_GOC!$F:$F,"Xuất nội bộ từ téc",DATA_GOC!$B:$B,G$167)) -> 0 | H176: =IF(H$167="","",SUMIFS(DATA_GOC!$H:$H,DATA_GOC!$A:$A,"BOM",DATA_GOC!$D:$D,$B176,DATA_GOC!$E:$E,$F$159,DATA_GOC!$F:$F,"Xuất nội bộ từ téc",DATA_GOC!$B:$B,H$167)) -> 0 | I176: =IF(I$167="","",SUMIFS(DATA_GOC!$H:$H,DATA_GOC!$A:$A,"BOM",DATA_GOC!$D:$D,$B176,DATA_GOC!$E:$E,$F$159,DATA_GOC!$F:$F,"Xuất nội bộ từ téc",DATA_GOC!$B:$B,I$167)) -> 0 | J176: =IF(J$167="","",SUMIFS(DATA_GOC!$H:$H,DATA_GOC!$A:$A,"BOM",DATA_GOC!$D:$D,$B176,DATA_GOC!$E:$E,$F$159,DATA_GOC!$F:$F,"Xuất nội bộ từ téc",DATA_GOC!$B:$B,J$167)) -> 0 | ... AG176: =IF(AG$167="","",SUMIFS(DATA_GOC!$H:$H,DATA_GOC!$A:$A,"BOM",DATA_GOC!$D:$D,$B176,DATA_GOC!$E:$E,$F$159,DATA_GOC!$F:$F,"Xuất nội bộ từ téc",DATA_GOC!$B:$B,AG$167)) | AH176: =IF($B176="","",SUMIFS(DATA_GOC!$H:$H,DATA_GOC!$A:$A,"BOM",DATA_GOC!$D:$D,$B176,DATA_GOC!$E:$E,$F$159,DATA_GOC!$F:$F,"Xuất nội bộ từ téc",DATA_GOC!$B:$B,">="&$H$159,DATA_GOC!$B:$B,"<="&$J$159)) -> 247 | AI176: =IFERROR(AH176/$E$162,0) -> 0.017912829 | AJ176: =IFERROR(ROUND(AH176*$K$162/$E$162,3),0) -> 6.646 | AK176: =IFERROR(ROUND(AH176*$M$162/$E$162,3),0) -> 0 | AL176: =IF($B176="","",N(AH176)+N(AJ176)-N(AK176)) -> 253.646
A177: =IF($B177<>"",ROW()-167,"") -> 10 | B177: {=IFERROR(IF(INDEX(DANH_MUC!$E:$E,13)="","",INDEX(DANH_MUC!$E:$E,13)),"")} -> 28C01743 | C177: =IF(C$167="","",SUMIFS(DATA_GOC!$H:$H,DATA_GOC!$A:$A,"BOM",DATA_GOC!$D:$D,$B177,DATA_GOC!$E:$E,$F$159,DATA_GOC!$F:$F,"Xuất nội bộ từ téc",DATA_GOC!$B:$B,C$167)) -> 0 | D177: =IF(D$167="","",SUMIFS(DATA_GOC!$H:$H,DATA_GOC!$A:$A,"BOM",DATA_GOC!$D:$D,$B177,DATA_GOC!$E:$E,$F$159,DATA_GOC!$F:$F,"Xuất nội bộ từ téc",DATA_GOC!$B:$B,D$167)) -> 0 | E177: =IF(E$167="","",SUMIFS(DATA_GOC!$H:$H,DATA_GOC!$A:$A,"BOM",DATA_GOC!$D:$D,$B177,DATA_GOC!$E:$E,$F$159,DATA_GOC!$F:$F,"Xuất nội bộ từ téc",DATA_GOC!$B:$B,E$167)) -> 0 | F177: =IF(F$167="","",SUMIFS(DATA_GOC!$H:$H,DATA_GOC!$A:$A,"BOM",DATA_GOC!$D:$D,$B177,DATA_GOC!$E:$E,$F$159,DATA_GOC!$F:$F,"Xuất nội bộ từ téc",DATA_GOC!$B:$B,F$167)) -> 0 | G177: =IF(G$167="","",SUMIFS(DATA_GOC!$H:$H,DATA_GOC!$A:$A,"BOM",DATA_GOC!$D:$D,$B177,DATA_GOC!$E:$E,$F$159,DATA_GOC!$F:$F,"Xuất nội bộ từ téc",DATA_GOC!$B:$B,G$167)) -> 0 | H177: =IF(H$167="","",SUMIFS(DATA_GOC!$H:$H,DATA_GOC!$A:$A,"BOM",DATA_GOC!$D:$D,$B177,DATA_GOC!$E:$E,$F$159,DATA_GOC!$F:$F,"Xuất nội bộ từ téc",DATA_GOC!$B:$B,H$167)) -> 0 | I177: =IF(I$167="","",SUMIFS(DATA_GOC!$H:$H,DATA_GOC!$A:$A,"BOM",DATA_GOC!$D:$D,$B177,DATA_GOC!$E:$E,$F$159,DATA_GOC!$F:$F,"Xuất nội bộ từ téc",DATA_GOC!$B:$B,I$167)) -> 0 | J177: =IF(J$167="","",SUMIFS(DATA_GOC!$H:$H,DATA_GOC!$A:$A,"BOM",DATA_GOC!$D:$D,$B177,DATA_GOC!$E:$E,$F$159,DATA_GOC!$F:$F,"Xuất nội bộ từ téc",DATA_GOC!$B:$B,J$167)) -> 0 | ... AG177: =IF(AG$167="","",SUMIFS(DATA_GOC!$H:$H,DATA_GOC!$A:$A,"BOM",DATA_GOC!$D:$D,$B177,DATA_GOC!$E:$E,$F$159,DATA_GOC!$F:$F,"Xuất nội bộ từ téc",DATA_GOC!$B:$B,AG$167)) | AH177: =IF($B177="","",SUMIFS(DATA_GOC!$H:$H,DATA_GOC!$A:$A,"BOM",DATA_GOC!$D:$D,$B177,DATA_GOC!$E:$E,$F$159,DATA_GOC!$F:$F,"Xuất nội bộ từ téc",DATA_GOC!$B:$B,">="&$H$159,DATA_GOC!$B:$B,"<="&$J$159)) -> 0 | AI177: =IFERROR(AH177/$E$162,0) -> 0 | AJ177: =IFERROR(ROUND(AH177*$K$162/$E$162,3),0) -> 0 | AK177: =IFERROR(ROUND(AH177*$M$162/$E$162,3),0) -> 0 | AL177: =IF($B177="","",N(AH177)+N(AJ177)-N(AK177)) -> 0
A178: =IF($B178<>"",ROW()-167,"") -> 11 | B178: {=IFERROR(IF(INDEX(DANH_MUC!$E:$E,14)="","",INDEX(DANH_MUC!$E:$E,14)),"")} -> 28C02106 | C178: =IF(C$167="","",SUMIFS(DATA_GOC!$H:$H,DATA_GOC!$A:$A,"BOM",DATA_GOC!$D:$D,$B178,DATA_GOC!$E:$E,$F$159,DATA_GOC!$F:$F,"Xuất nội bộ từ téc",DATA_GOC!$B:$B,C$167)) -> 0 | D178: =IF(D$167="","",SUMIFS(DATA_GOC!$H:$H,DATA_GOC!$A:$A,"BOM",DATA_GOC!$D:$D,$B178,DATA_GOC!$E:$E,$F$159,DATA_GOC!$F:$F,"Xuất nội bộ từ téc",DATA_GOC!$B:$B,D$167)) -> 0 | E178: =IF(E$167="","",SUMIFS(DATA_GOC!$H:$H,DATA_GOC!$A:$A,"BOM",DATA_GOC!$D:$D,$B178,DATA_GOC!$E:$E,$F$159,DATA_GOC!$F:$F,"Xuất nội bộ từ téc",DATA_GOC!$B:$B,E$167)) -> 0 | F178: =IF(F$167="","",SUMIFS(DATA_GOC!$H:$H,DATA_GOC!$A:$A,"BOM",DATA_GOC!$D:$D,$B178,DATA_GOC!$E:$E,$F$159,DATA_GOC!$F:$F,"Xuất nội bộ từ téc",DATA_GOC!$B:$B,F$167)) -> 0 | G178: =IF(G$167="","",SUMIFS(DATA_GOC!$H:$H,DATA_GOC!$A:$A,"BOM",DATA_GOC!$D:$D,$B178,DATA_GOC!$E:$E,$F$159,DATA_GOC!$F:$F,"Xuất nội bộ từ téc",DATA_GOC!$B:$B,G$167)) -> 0 | H178: =IF(H$167="","",SUMIFS(DATA_GOC!$H:$H,DATA_GOC!$A:$A,"BOM",DATA_GOC!$D:$D,$B178,DATA_GOC!$E:$E,$F$159,DATA_GOC!$F:$F,"Xuất nội bộ từ téc",DATA_GOC!$B:$B,H$167)) -> 0 | I178: =IF(I$167="","",SUMIFS(DATA_GOC!$H:$H,DATA_GOC!$A:$A,"BOM",DATA_GOC!$D:$D,$B178,DATA_GOC!$E:$E,$F$159,DATA_GOC!$F:$F,"Xuất nội bộ từ téc",DATA_GOC!$B:$B,I$167)) -> 0 | J178: =IF(J$167="","",SUMIFS(DATA_GOC!$H:$H,DATA_GOC!$A:$A,"BOM",DATA_GOC!$D:$D,$B178,DATA_GOC!$E:$E,$F$159,DATA_GOC!$F:$F,"Xuất nội bộ từ téc",DATA_GOC!$B:$B,J$167)) -> 0 | ... AG178: =IF(AG$167="","",SUMIFS(DATA_GOC!$H:$H,DATA_GOC!$A:$A,"BOM",DATA_GOC!$D:$D,$B178,DATA_GOC!$E:$E,$F$159,DATA_GOC!$F:$F,"Xuất nội bộ từ téc",DATA_GOC!$B:$B,AG$167)) | AH178: =IF($B178="","",SUMIFS(DATA_GOC!$H:$H,DATA_GOC!$A:$A,"BOM",DATA_GOC!$D:$D,$B178,DATA_GOC!$E:$E,$F$159,DATA_GOC!$F:$F,"Xuất nội bộ từ téc",DATA_GOC!$B:$B,">="&$H$159,DATA_GOC!$B:$B,"<="&$J$159)) -> 0 | AI178: =IFERROR(AH178/$E$162,0) -> 0 | AJ178: =IFERROR(ROUND(AH178*$K$162/$E$162,3),0) -> 0 | AK178: =IFERROR(ROUND(AH178*$M$162/$E$162,3),0) -> 0 | AL178: =IF($B178="","",N(AH178)+N(AJ178)-N(AK178)) -> 0
A179: =IF($B179<>"",ROW()-167,"") -> 12 | B179: {=IFERROR(IF(INDEX(DANH_MUC!$E:$E,15)="","",INDEX(DANH_MUC!$E:$E,15)),"")} -> 28C02410 | C179: =IF(C$167="","",SUMIFS(DATA_GOC!$H:$H,DATA_GOC!$A:$A,"BOM",DATA_GOC!$D:$D,$B179,DATA_GOC!$E:$E,$F$159,DATA_GOC!$F:$F,"Xuất nội bộ từ téc",DATA_GOC!$B:$B,C$167)) -> 0 | D179: =IF(D$167="","",SUMIFS(DATA_GOC!$H:$H,DATA_GOC!$A:$A,"BOM",DATA_GOC!$D:$D,$B179,DATA_GOC!$E:$E,$F$159,DATA_GOC!$F:$F,"Xuất nội bộ từ téc",DATA_GOC!$B:$B,D$167)) -> 0 | E179: =IF(E$167="","",SUMIFS(DATA_GOC!$H:$H,DATA_GOC!$A:$A,"BOM",DATA_GOC!$D:$D,$B179,DATA_GOC!$E:$E,$F$159,DATA_GOC!$F:$F,"Xuất nội bộ từ téc",DATA_GOC!$B:$B,E$167)) -> 0 | F179: =IF(F$167="","",SUMIFS(DATA_GOC!$H:$H,DATA_GOC!$A:$A,"BOM",DATA_GOC!$D:$D,$B179,DATA_GOC!$E:$E,$F$159,DATA_GOC!$F:$F,"Xuất nội bộ từ téc",DATA_GOC!$B:$B,F$167)) -> 0 | G179: =IF(G$167="","",SUMIFS(DATA_GOC!$H:$H,DATA_GOC!$A:$A,"BOM",DATA_GOC!$D:$D,$B179,DATA_GOC!$E:$E,$F$159,DATA_GOC!$F:$F,"Xuất nội bộ từ téc",DATA_GOC!$B:$B,G$167)) -> 0 | H179: =IF(H$167="","",SUMIFS(DATA_GOC!$H:$H,DATA_GOC!$A:$A,"BOM",DATA_GOC!$D:$D,$B179,DATA_GOC!$E:$E,$F$159,DATA_GOC!$F:$F,"Xuất nội bộ từ téc",DATA_GOC!$B:$B,H$167)) -> 0 | I179: =IF(I$167="","",SUMIFS(DATA_GOC!$H:$H,DATA_GOC!$A:$A,"BOM",DATA_GOC!$D:$D,$B179,DATA_GOC!$E:$E,$F$159,DATA_GOC!$F:$F,"Xuất nội bộ từ téc",DATA_GOC!$B:$B,I$167)) -> 0 | J179: =IF(J$167="","",SUMIFS(DATA_GOC!$H:$H,DATA_GOC!$A:$A,"BOM",DATA_GOC!$D:$D,$B179,DATA_GOC!$E:$E,$F$159,DATA_GOC!$F:$F,"Xuất nội bộ từ téc",DATA_GOC!$B:$B,J$167)) -> 0 | ... AG179: =IF(AG$167="","",SUMIFS(DATA_GOC!$H:$H,DATA_GOC!$A:$A,"BOM",DATA_GOC!$D:$D,$B179,DATA_GOC!$E:$E,$F$159,DATA_GOC!$F:$F,"Xuất nội bộ từ téc",DATA_GOC!$B:$B,AG$167)) | AH179: =IF($B179="","",SUMIFS(DATA_GOC!$H:$H,DATA_GOC!$A:$A,"BOM",DATA_GOC!$D:$D,$B179,DATA_GOC!$E:$E,$F$159,DATA_GOC!$F:$F,"Xuất nội bộ từ téc",DATA_GOC!$B:$B,">="&$H$159,DATA_GOC!$B:$B,"<="&$J$159)) -> 140 | AI179: =IFERROR(AH179/$E$162,0) -> 0.010153021 | AJ179: =IFERROR(ROUND(AH179*$K$162/$E$162,3),0) -> 3.767 | AK179: =IFERROR(ROUND(AH179*$M$162/$E$162,3),0) -> 0 | AL179: =IF($B179="","",N(AH179)+N(AJ179)-N(AK179)) -> 143.767
A180: =IF($B180<>"",ROW()-167,"") -> 13 | B180: {=IFERROR(IF(INDEX(DANH_MUC!$E:$E,16)="","",INDEX(DANH_MUC!$E:$E,16)),"")} -> 28C02545 | C180: =IF(C$167="","",SUMIFS(DATA_GOC!$H:$H,DATA_GOC!$A:$A,"BOM",DATA_GOC!$D:$D,$B180,DATA_GOC!$E:$E,$F$159,DATA_GOC!$F:$F,"Xuất nội bộ từ téc",DATA_GOC!$B:$B,C$167)) -> 0 | D180: =IF(D$167="","",SUMIFS(DATA_GOC!$H:$H,DATA_GOC!$A:$A,"BOM",DATA_GOC!$D:$D,$B180,DATA_GOC!$E:$E,$F$159,DATA_GOC!$F:$F,"Xuất nội bộ từ téc",DATA_GOC!$B:$B,D$167)) -> 0 | E180: =IF(E$167="","",SUMIFS(DATA_GOC!$H:$H,DATA_GOC!$A:$A,"BOM",DATA_GOC!$D:$D,$B180,DATA_GOC!$E:$E,$F$159,DATA_GOC!$F:$F,"Xuất nội bộ từ téc",DATA_GOC!$B:$B,E$167)) -> 0 | F180: =IF(F$167="","",SUMIFS(DATA_GOC!$H:$H,DATA_GOC!$A:$A,"BOM",DATA_GOC!$D:$D,$B180,DATA_GOC!$E:$E,$F$159,DATA_GOC!$F:$F,"Xuất nội bộ từ téc",DATA_GOC!$B:$B,F$167)) -> 0 | G180: =IF(G$167="","",SUMIFS(DATA_GOC!$H:$H,DATA_GOC!$A:$A,"BOM",DATA_GOC!$D:$D,$B180,DATA_GOC!$E:$E,$F$159,DATA_GOC!$F:$F,"Xuất nội bộ từ téc",DATA_GOC!$B:$B,G$167)) -> 0 | H180: =IF(H$167="","",SUMIFS(DATA_GOC!$H:$H,DATA_GOC!$A:$A,"BOM",DATA_GOC!$D:$D,$B180,DATA_GOC!$E:$E,$F$159,DATA_GOC!$F:$F,"Xuất nội bộ từ téc",DATA_GOC!$B:$B,H$167)) -> 0 | I180: =IF(I$167="","",SUMIFS(DATA_GOC!$H:$H,DATA_GOC!$A:$A,"BOM",DATA_GOC!$D:$D,$B180,DATA_GOC!$E:$E,$F$159,DATA_GOC!$F:$F,"Xuất nội bộ từ téc",DATA_GOC!$B:$B,I$167)) -> 0 | J180: =IF(J$167="","",SUMIFS(DATA_GOC!$H:$H,DATA_GOC!$A:$A,"BOM",DATA_GOC!$D:$D,$B180,DATA_GOC!$E:$E,$F$159,DATA_GOC!$F:$F,"Xuất nội bộ từ téc",DATA_GOC!$B:$B,J$167)) -> 0 | ... AG180: =IF(AG$167="","",SUMIFS(DATA_GOC!$H:$H,DATA_GOC!$A:$A,"BOM",DATA_GOC!$D:$D,$B180,DATA_GOC!$E:$E,$F$159,DATA_GOC!$F:$F,"Xuất nội bộ từ téc",DATA_GOC!$B:$B,AG$167)) | AH180: =IF($B180="","",SUMIFS(DATA_GOC!$H:$H,DATA_GOC!$A:$A,"BOM",DATA_GOC!$D:$D,$B180,DATA_GOC!$E:$E,$F$159,DATA_GOC!$F:$F,"Xuất nội bộ từ téc",DATA_GOC!$B:$B,">="&$H$159,DATA_GOC!$B:$B,"<="&$J$159)) -> 163 | AI180: =IFERROR(AH180/$E$162,0) -> 0.011821017 | AJ180: =IFERROR(ROUND(AH180*$K$162/$E$162,3),0) -> 4.386 | AK180: =IFERROR(ROUND(AH180*$M$162/$E$162,3),0) -> 0 | AL180: =IF($B180="","",N(AH180)+N(AJ180)-N(AK180)) -> 167.386
A181: =IF($B181<>"",ROW()-167,"") -> 14 | B181: {=IFERROR(IF(INDEX(DANH_MUC!$E:$E,17)="","",INDEX(DANH_MUC!$E:$E,17)),"")} -> 28C02574 | C181: =IF(C$167="","",SUMIFS(DATA_GOC!$H:$H,DATA_GOC!$A:$A,"BOM",DATA_GOC!$D:$D,$B181,DATA_GOC!$E:$E,$F$159,DATA_GOC!$F:$F,"Xuất nội bộ từ téc",DATA_GOC!$B:$B,C$167)) -> 0 | D181: =IF(D$167="","",SUMIFS(DATA_GOC!$H:$H,DATA_GOC!$A:$A,"BOM",DATA_GOC!$D:$D,$B181,DATA_GOC!$E:$E,$F$159,DATA_GOC!$F:$F,"Xuất nội bộ từ téc",DATA_GOC!$B:$B,D$167)) -> 0 | E181: =IF(E$167="","",SUMIFS(DATA_GOC!$H:$H,DATA_GOC!$A:$A,"BOM",DATA_GOC!$D:$D,$B181,DATA_GOC!$E:$E,$F$159,DATA_GOC!$F:$F,"Xuất nội bộ từ téc",DATA_GOC!$B:$B,E$167)) -> 0 | F181: =IF(F$167="","",SUMIFS(DATA_GOC!$H:$H,DATA_GOC!$A:$A,"BOM",DATA_GOC!$D:$D,$B181,DATA_GOC!$E:$E,$F$159,DATA_GOC!$F:$F,"Xuất nội bộ từ téc",DATA_GOC!$B:$B,F$167)) -> 0 | G181: =IF(G$167="","",SUMIFS(DATA_GOC!$H:$H,DATA_GOC!$A:$A,"BOM",DATA_GOC!$D:$D,$B181,DATA_GOC!$E:$E,$F$159,DATA_GOC!$F:$F,"Xuất nội bộ từ téc",DATA_GOC!$B:$B,G$167)) -> 0 | H181: =IF(H$167="","",SUMIFS(DATA_GOC!$H:$H,DATA_GOC!$A:$A,"BOM",DATA_GOC!$D:$D,$B181,DATA_GOC!$E:$E,$F$159,DATA_GOC!$F:$F,"Xuất nội bộ từ téc",DATA_GOC!$B:$B,H$167)) -> 0 | I181: =IF(I$167="","",SUMIFS(DATA_GOC!$H:$H,DATA_GOC!$A:$A,"BOM",DATA_GOC!$D:$D,$B181,DATA_GOC!$E:$E,$F$159,DATA_GOC!$F:$F,"Xuất nội bộ từ téc",DATA_GOC!$B:$B,I$167)) -> 0 | J181: =IF(J$167="","",SUMIFS(DATA_GOC!$H:$H,DATA_GOC!$A:$A,"BOM",DATA_GOC!$D:$D,$B181,DATA_GOC!$E:$E,$F$159,DATA_GOC!$F:$F,"Xuất nội bộ từ téc",DATA_GOC!$B:$B,J$167)) -> 0 | ... AG181: =IF(AG$167="","",SUMIFS(DATA_GOC!$H:$H,DATA_GOC!$A:$A,"BOM",DATA_GOC!$D:$D,$B181,DATA_GOC!$E:$E,$F$159,DATA_GOC!$F:$F,"Xuất nội bộ từ téc",DATA_GOC!$B:$B,AG$167)) | AH181: =IF($B181="","",SUMIFS(DATA_GOC!$H:$H,DATA_GOC!$A:$A,"BOM",DATA_GOC!$D:$D,$B181,DATA_GOC!$E:$E,$F$159,DATA_GOC!$F:$F,"Xuất nội bộ từ téc",DATA_GOC!$B:$B,">="&$H$159,DATA_GOC!$B:$B,"<="&$J$159)) -> 0 | AI181: =IFERROR(AH181/$E$162,0) -> 0 | AJ181: =IFERROR(ROUND(AH181*$K$162/$E$162,3),0) -> 0 | AK181: =IFERROR(ROUND(AH181*$M$162/$E$162,3),0) -> 0 | AL181: =IF($B181="","",N(AH181)+N(AJ181)-N(AK181)) -> 0
A182: =IF($B182<>"",ROW()-167,"") -> 15 | B182: {=IFERROR(IF(INDEX(DANH_MUC!$E:$E,18)="","",INDEX(DANH_MUC!$E:$E,18)),"")} -> 28C02770 | C182: =IF(C$167="","",SUMIFS(DATA_GOC!$H:$H,DATA_GOC!$A:$A,"BOM",DATA_GOC!$D:$D,$B182,DATA_GOC!$E:$E,$F$159,DATA_GOC!$F:$F,"Xuất nội bộ từ téc",DATA_GOC!$B:$B,C$167)) -> 0 | D182: =IF(D$167="","",SUMIFS(DATA_GOC!$H:$H,DATA_GOC!$A:$A,"BOM",DATA_GOC!$D:$D,$B182,DATA_GOC!$E:$E,$F$159,DATA_GOC!$F:$F,"Xuất nội bộ từ téc",DATA_GOC!$B:$B,D$167)) -> 0 | E182: =IF(E$167="","",SUMIFS(DATA_GOC!$H:$H,DATA_GOC!$A:$A,"BOM",DATA_GOC!$D:$D,$B182,DATA_GOC!$E:$E,$F$159,DATA_GOC!$F:$F,"Xuất nội bộ từ téc",DATA_GOC!$B:$B,E$167)) -> 0 | F182: =IF(F$167="","",SUMIFS(DATA_GOC!$H:$H,DATA_GOC!$A:$A,"BOM",DATA_GOC!$D:$D,$B182,DATA_GOC!$E:$E,$F$159,DATA_GOC!$F:$F,"Xuất nội bộ từ téc",DATA_GOC!$B:$B,F$167)) -> 0 | G182: =IF(G$167="","",SUMIFS(DATA_GOC!$H:$H,DATA_GOC!$A:$A,"BOM",DATA_GOC!$D:$D,$B182,DATA_GOC!$E:$E,$F$159,DATA_GOC!$F:$F,"Xuất nội bộ từ téc",DATA_GOC!$B:$B,G$167)) -> 0 | H182: =IF(H$167="","",SUMIFS(DATA_GOC!$H:$H,DATA_GOC!$A:$A,"BOM",DATA_GOC!$D:$D,$B182,DATA_GOC!$E:$E,$F$159,DATA_GOC!$F:$F,"Xuất nội bộ từ téc",DATA_GOC!$B:$B,H$167)) -> 0 | I182: =IF(I$167="","",SUMIFS(DATA_GOC!$H:$H,DATA_GOC!$A:$A,"BOM",DATA_GOC!$D:$D,$B182,DATA_GOC!$E:$E,$F$159,DATA_GOC!$F:$F,"Xuất nội bộ từ téc",DATA_GOC!$B:$B,I$167)) -> 0 | J182: =IF(J$167="","",SUMIFS(DATA_GOC!$H:$H,DATA_GOC!$A:$A,"BOM",DATA_GOC!$D:$D,$B182,DATA_GOC!$E:$E,$F$159,DATA_GOC!$F:$F,"Xuất nội bộ từ téc",DATA_GOC!$B:$B,J$167)) -> 0 | ... AG182: =IF(AG$167="","",SUMIFS(DATA_GOC!$H:$H,DATA_GOC!$A:$A,"BOM",DATA_GOC!$D:$D,$B182,DATA_GOC!$E:$E,$F$159,DATA_GOC!$F:$F,"Xuất nội bộ từ téc",DATA_GOC!$B:$B,AG$167)) | AH182: =IF($B182="","",SUMIFS(DATA_GOC!$H:$H,DATA_GOC!$A:$A,"BOM",DATA_GOC!$D:$D,$B182,DATA_GOC!$E:$E,$F$159,DATA_GOC!$F:$F,"Xuất nội bộ từ téc",DATA_GOC!$B:$B,">="&$H$159,DATA_GOC!$B:$B,"<="&$J$159)) -> 163 | AI182: =IFERROR(AH182/$E$162,0) -> 0.011821017 | AJ182: =IFERROR(ROUND(AH182*$K$162/$E$162,3),0) -> 4.386 | AK182: =IFERROR(ROUND(AH182*$M$162/$E$162,3),0) -> 0 | AL182: =IF($B182="","",N(AH182)+N(AJ182)-N(AK182)) -> 167.386
A183: =IF($B183<>"",ROW()-167,"") -> 16 | B183: {=IFERROR(IF(INDEX(DANH_MUC!$E:$E,19)="","",INDEX(DANH_MUC!$E:$E,19)),"")} -> 28C02986 | C183: =IF(C$167="","",SUMIFS(DATA_GOC!$H:$H,DATA_GOC!$A:$A,"BOM",DATA_GOC!$D:$D,$B183,DATA_GOC!$E:$E,$F$159,DATA_GOC!$F:$F,"Xuất nội bộ từ téc",DATA_GOC!$B:$B,C$167)) -> 0 | D183: =IF(D$167="","",SUMIFS(DATA_GOC!$H:$H,DATA_GOC!$A:$A,"BOM",DATA_GOC!$D:$D,$B183,DATA_GOC!$E:$E,$F$159,DATA_GOC!$F:$F,"Xuất nội bộ từ téc",DATA_GOC!$B:$B,D$167)) -> 0 | E183: =IF(E$167="","",SUMIFS(DATA_GOC!$H:$H,DATA_GOC!$A:$A,"BOM",DATA_GOC!$D:$D,$B183,DATA_GOC!$E:$E,$F$159,DATA_GOC!$F:$F,"Xuất nội bộ từ téc",DATA_GOC!$B:$B,E$167)) -> 0 | F183: =IF(F$167="","",SUMIFS(DATA_GOC!$H:$H,DATA_GOC!$A:$A,"BOM",DATA_GOC!$D:$D,$B183,DATA_GOC!$E:$E,$F$159,DATA_GOC!$F:$F,"Xuất nội bộ từ téc",DATA_GOC!$B:$B,F$167)) -> 0 | G183: =IF(G$167="","",SUMIFS(DATA_GOC!$H:$H,DATA_GOC!$A:$A,"BOM",DATA_GOC!$D:$D,$B183,DATA_GOC!$E:$E,$F$159,DATA_GOC!$F:$F,"Xuất nội bộ từ téc",DATA_GOC!$B:$B,G$167)) -> 0 | H183: =IF(H$167="","",SUMIFS(DATA_GOC!$H:$H,DATA_GOC!$A:$A,"BOM",DATA_GOC!$D:$D,$B183,DATA_GOC!$E:$E,$F$159,DATA_GOC!$F:$F,"Xuất nội bộ từ téc",DATA_GOC!$B:$B,H$167)) -> 0 | I183: =IF(I$167="","",SUMIFS(DATA_GOC!$H:$H,DATA_GOC!$A:$A,"BOM",DATA_GOC!$D:$D,$B183,DATA_GOC!$E:$E,$F$159,DATA_GOC!$F:$F,"Xuất nội bộ từ téc",DATA_GOC!$B:$B,I$167)) -> 0 | J183: =IF(J$167="","",SUMIFS(DATA_GOC!$H:$H,DATA_GOC!$A:$A,"BOM",DATA_GOC!$D:$D,$B183,DATA_GOC!$E:$E,$F$159,DATA_GOC!$F:$F,"Xuất nội bộ từ téc",DATA_GOC!$B:$B,J$167)) -> 0 | ... AG183: =IF(AG$167="","",SUMIFS(DATA_GOC!$H:$H,DATA_GOC!$A:$A,"BOM",DATA_GOC!$D:$D,$B183,DATA_GOC!$E:$E,$F$159,DATA_GOC!$F:$F,"Xuất nội bộ từ téc",DATA_GOC!$B:$B,AG$167)) | AH183: =IF($B183="","",SUMIFS(DATA_GOC!$H:$H,DATA_GOC!$A:$A,"BOM",DATA_GOC!$D:$D,$B183,DATA_GOC!$E:$E,$F$159,DATA_GOC!$F:$F,"Xuất nội bộ từ téc",DATA_GOC!$B:$B,">="&$H$159,DATA_GOC!$B:$B,"<="&$J$159)) -> 930 | AI183: =IFERROR(AH183/$E$162,0) -> 0.067445065 | AJ183: =IFERROR(ROUND(AH183*$K$162/$E$162,3),0) -> 25.022 | AK183: =IFERROR(ROUND(AH183*$M$162/$E$162,3),0) -> 0 | AL183: =IF($B183="","",N(AH183)+N(AJ183)-N(AK183)) -> 955.022
A184: =IF($B184<>"",ROW()-167,"") -> 17 | B184: {=IFERROR(IF(INDEX(DANH_MUC!$E:$E,20)="","",INDEX(DANH_MUC!$E:$E,20)),"")} -> 28C03261 | C184: =IF(C$167="","",SUMIFS(DATA_GOC!$H:$H,DATA_GOC!$A:$A,"BOM",DATA_GOC!$D:$D,$B184,DATA_GOC!$E:$E,$F$159,DATA_GOC!$F:$F,"Xuất nội bộ từ téc",DATA_GOC!$B:$B,C$167)) -> 0 | D184: =IF(D$167="","",SUMIFS(DATA_GOC!$H:$H,DATA_GOC!$A:$A,"BOM",DATA_GOC!$D:$D,$B184,DATA_GOC!$E:$E,$F$159,DATA_GOC!$F:$F,"Xuất nội bộ từ téc",DATA_GOC!$B:$B,D$167)) -> 0 | E184: =IF(E$167="","",SUMIFS(DATA_GOC!$H:$H,DATA_GOC!$A:$A,"BOM",DATA_GOC!$D:$D,$B184,DATA_GOC!$E:$E,$F$159,DATA_GOC!$F:$F,"Xuất nội bộ từ téc",DATA_GOC!$B:$B,E$167)) -> 0 | F184: =IF(F$167="","",SUMIFS(DATA_GOC!$H:$H,DATA_GOC!$A:$A,"BOM",DATA_GOC!$D:$D,$B184,DATA_GOC!$E:$E,$F$159,DATA_GOC!$F:$F,"Xuất nội bộ từ téc",DATA_GOC!$B:$B,F$167)) -> 0 | G184: =IF(G$167="","",SUMIFS(DATA_GOC!$H:$H,DATA_GOC!$A:$A,"BOM",DATA_GOC!$D:$D,$B184,DATA_GOC!$E:$E,$F$159,DATA_GOC!$F:$F,"Xuất nội bộ từ téc",DATA_GOC!$B:$B,G$167)) -> 0 | H184: =IF(H$167="","",SUMIFS(DATA_GOC!$H:$H,DATA_GOC!$A:$A,"BOM",DATA_GOC!$D:$D,$B184,DATA_GOC!$E:$E,$F$159,DATA_GOC!$F:$F,"Xuất nội bộ từ téc",DATA_GOC!$B:$B,H$167)) -> 0 | I184: =IF(I$167="","",SUMIFS(DATA_GOC!$H:$H,DATA_GOC!$A:$A,"BOM",DATA_GOC!$D:$D,$B184,DATA_GOC!$E:$E,$F$159,DATA_GOC!$F:$F,"Xuất nội bộ từ téc",DATA_GOC!$B:$B,I$167)) -> 0 | J184: =IF(J$167="","",SUMIFS(DATA_GOC!$H:$H,DATA_GOC!$A:$A,"BOM",DATA_GOC!$D:$D,$B184,DATA_GOC!$E:$E,$F$159,DATA_GOC!$F:$F,"Xuất nội bộ từ téc",DATA_GOC!$B:$B,J$167)) -> 0 | ... AG184: =IF(AG$167="","",SUMIFS(DATA_GOC!$H:$H,DATA_GOC!$A:$A,"BOM",DATA_GOC!$D:$D,$B184,DATA_GOC!$E:$E,$F$159,DATA_GOC!$F:$F,"Xuất nội bộ từ téc",DATA_GOC!$B:$B,AG$167)) | AH184: =IF($B184="","",SUMIFS(DATA_GOC!$H:$H,DATA_GOC!$A:$A,"BOM",DATA_GOC!$D:$D,$B184,DATA_GOC!$E:$E,$F$159,DATA_GOC!$F:$F,"Xuất nội bộ từ téc",DATA_GOC!$B:$B,">="&$H$159,DATA_GOC!$B:$B,"<="&$J$159)) -> 220 | AI184: =IFERROR(AH184/$E$162,0) -> 0.015954747 | AJ184: =IFERROR(ROUND(AH184*$K$162/$E$162,3),0) -> 5.919 | AK184: =IFERROR(ROUND(AH184*$M$162/$E$162,3),0) -> 0 | AL184: =IF($B184="","",N(AH184)+N(AJ184)-N(AK184)) -> 225.919
A185: =IF($B185<>"",ROW()-167,"") -> 18 | B185: {=IFERROR(IF(INDEX(DANH_MUC!$E:$E,21)="","",INDEX(DANH_MUC!$E:$E,21)),"")} -> 28C03323 | C185: =IF(C$167="","",SUMIFS(DATA_GOC!$H:$H,DATA_GOC!$A:$A,"BOM",DATA_GOC!$D:$D,$B185,DATA_GOC!$E:$E,$F$159,DATA_GOC!$F:$F,"Xuất nội bộ từ téc",DATA_GOC!$B:$B,C$167)) -> 0 | D185: =IF(D$167="","",SUMIFS(DATA_GOC!$H:$H,DATA_GOC!$A:$A,"BOM",DATA_GOC!$D:$D,$B185,DATA_GOC!$E:$E,$F$159,DATA_GOC!$F:$F,"Xuất nội bộ từ téc",DATA_GOC!$B:$B,D$167)) -> 0 | E185: =IF(E$167="","",SUMIFS(DATA_GOC!$H:$H,DATA_GOC!$A:$A,"BOM",DATA_GOC!$D:$D,$B185,DATA_GOC!$E:$E,$F$159,DATA_GOC!$F:$F,"Xuất nội bộ từ téc",DATA_GOC!$B:$B,E$167)) -> 0 | F185: =IF(F$167="","",SUMIFS(DATA_GOC!$H:$H,DATA_GOC!$A:$A,"BOM",DATA_GOC!$D:$D,$B185,DATA_GOC!$E:$E,$F$159,DATA_GOC!$F:$F,"Xuất nội bộ từ téc",DATA_GOC!$B:$B,F$167)) -> 0 | G185: =IF(G$167="","",SUMIFS(DATA_GOC!$H:$H,DATA_GOC!$A:$A,"BOM",DATA_GOC!$D:$D,$B185,DATA_GOC!$E:$E,$F$159,DATA_GOC!$F:$F,"Xuất nội bộ từ téc",DATA_GOC!$B:$B,G$167)) -> 0 | H185: =IF(H$167="","",SUMIFS(DATA_GOC!$H:$H,DATA_GOC!$A:$A,"BOM",DATA_GOC!$D:$D,$B185,DATA_GOC!$E:$E,$F$159,DATA_GOC!$F:$F,"Xuất nội bộ từ téc",DATA_GOC!$B:$B,H$167)) -> 0 | I185: =IF(I$167="","",SUMIFS(DATA_GOC!$H:$H,DATA_GOC!$A:$A,"BOM",DATA_GOC!$D:$D,$B185,DATA_GOC!$E:$E,$F$159,DATA_GOC!$F:$F,"Xuất nội bộ từ téc",DATA_GOC!$B:$B,I$167)) -> 0 | J185: =IF(J$167="","",SUMIFS(DATA_GOC!$H:$H,DATA_GOC!$A:$A,"BOM",DATA_GOC!$D:$D,$B185,DATA_GOC!$E:$E,$F$159,DATA_GOC!$F:$F,"Xuất nội bộ từ téc",DATA_GOC!$B:$B,J$167)) -> 0 | ... AG185: =IF(AG$167="","",SUMIFS(DATA_GOC!$H:$H,DATA_GOC!$A:$A,"BOM",DATA_GOC!$D:$D,$B185,DATA_GOC!$E:$E,$F$159,DATA_GOC!$F:$F,"Xuất nội bộ từ téc",DATA_GOC!$B:$B,AG$167)) | AH185: =IF($B185="","",SUMIFS(DATA_GOC!$H:$H,DATA_GOC!$A:$A,"BOM",DATA_GOC!$D:$D,$B185,DATA_GOC!$E:$E,$F$159,DATA_GOC!$F:$F,"Xuất nội bộ từ téc",DATA_GOC!$B:$B,">="&$H$159,DATA_GOC!$B:$B,"<="&$J$159)) -> 222 | AI185: =IFERROR(AH185/$E$162,0) -> 0.01609979 | AJ185: =IFERROR(ROUND(AH185*$K$162/$E$162,3),0) -> 5.973 | AK185: =IFERROR(ROUND(AH185*$M$162/$E$162,3),0) -> 0 | AL185: =IF($B185="","",N(AH185)+N(AJ185)-N(AK185)) -> 227.973
A186: =IF($B186<>"",ROW()-167,"") -> 19 | B186: {=IFERROR(IF(INDEX(DANH_MUC!$E:$E,22)="","",INDEX(DANH_MUC!$E:$E,22)),"")} -> 28C03385 | C186: =IF(C$167="","",SUMIFS(DATA_GOC!$H:$H,DATA_GOC!$A:$A,"BOM",DATA_GOC!$D:$D,$B186,DATA_GOC!$E:$E,$F$159,DATA_GOC!$F:$F,"Xuất nội bộ từ téc",DATA_GOC!$B:$B,C$167)) -> 0 | D186: =IF(D$167="","",SUMIFS(DATA_GOC!$H:$H,DATA_GOC!$A:$A,"BOM",DATA_GOC!$D:$D,$B186,DATA_GOC!$E:$E,$F$159,DATA_GOC!$F:$F,"Xuất nội bộ từ téc",DATA_GOC!$B:$B,D$167)) -> 0 | E186: =IF(E$167="","",SUMIFS(DATA_GOC!$H:$H,DATA_GOC!$A:$A,"BOM",DATA_GOC!$D:$D,$B186,DATA_GOC!$E:$E,$F$159,DATA_GOC!$F:$F,"Xuất nội bộ từ téc",DATA_GOC!$B:$B,E$167)) -> 0 | F186: =IF(F$167="","",SUMIFS(DATA_GOC!$H:$H,DATA_GOC!$A:$A,"BOM",DATA_GOC!$D:$D,$B186,DATA_GOC!$E:$E,$F$159,DATA_GOC!$F:$F,"Xuất nội bộ từ téc",DATA_GOC!$B:$B,F$167)) -> 0 | G186: =IF(G$167="","",SUMIFS(DATA_GOC!$H:$H,DATA_GOC!$A:$A,"BOM",DATA_GOC!$D:$D,$B186,DATA_GOC!$E:$E,$F$159,DATA_GOC!$F:$F,"Xuất nội bộ từ téc",DATA_GOC!$B:$B,G$167)) -> 0 | H186: =IF(H$167="","",SUMIFS(DATA_GOC!$H:$H,DATA_GOC!$A:$A,"BOM",DATA_GOC!$D:$D,$B186,DATA_GOC!$E:$E,$F$159,DATA_GOC!$F:$F,"Xuất nội bộ từ téc",DATA_GOC!$B:$B,H$167)) -> 0 | I186: =IF(I$167="","",SUMIFS(DATA_GOC!$H:$H,DATA_GOC!$A:$A,"BOM",DATA_GOC!$D:$D,$B186,DATA_GOC!$E:$E,$F$159,DATA_GOC!$F:$F,"Xuất nội bộ từ téc",DATA_GOC!$B:$B,I$167)) -> 0 | J186: =IF(J$167="","",SUMIFS(DATA_GOC!$H:$H,DATA_GOC!$A:$A,"BOM",DATA_GOC!$D:$D,$B186,DATA_GOC!$E:$E,$F$159,DATA_GOC!$F:$F,"Xuất nội bộ từ téc",DATA_GOC!$B:$B,J$167)) -> 0 | ... AG186: =IF(AG$167="","",SUMIFS(DATA_GOC!$H:$H,DATA_GOC!$A:$A,"BOM",DATA_GOC!$D:$D,$B186,DATA_GOC!$E:$E,$F$159,DATA_GOC!$F:$F,"Xuất nội bộ từ téc",DATA_GOC!$B:$B,AG$167)) | AH186: =IF($B186="","",SUMIFS(DATA_GOC!$H:$H,DATA_GOC!$A:$A,"BOM",DATA_GOC!$D:$D,$B186,DATA_GOC!$E:$E,$F$159,DATA_GOC!$F:$F,"Xuất nội bộ từ téc",DATA_GOC!$B:$B,">="&$H$159,DATA_GOC!$B:$B,"<="&$J$159)) -> 300 | AI186: =IFERROR(AH186/$E$162,0) -> 0.021756473 | AJ186: =IFERROR(ROUND(AH186*$K$162/$E$162,3),0) -> 8.072 | AK186: =IFERROR(ROUND(AH186*$M$162/$E$162,3),0) -> 0 | AL186: =IF($B186="","",N(AH186)+N(AJ186)-N(AK186)) -> 308.072
A187: =IF($B187<>"",ROW()-167,"") -> 20 | B187: {=IFERROR(IF(INDEX(DANH_MUC!$E:$E,23)="","",INDEX(DANH_MUC!$E:$E,23)),"")} -> 28C03652 | C187: =IF(C$167="","",SUMIFS(DATA_GOC!$H:$H,DATA_GOC!$A:$A,"BOM",DATA_GOC!$D:$D,$B187,DATA_GOC!$E:$E,$F$159,DATA_GOC!$F:$F,"Xuất nội bộ từ téc",DATA_GOC!$B:$B,C$167)) -> 0 | D187: =IF(D$167="","",SUMIFS(DATA_GOC!$H:$H,DATA_GOC!$A:$A,"BOM",DATA_GOC!$D:$D,$B187,DATA_GOC!$E:$E,$F$159,DATA_GOC!$F:$F,"Xuất nội bộ từ téc",DATA_GOC!$B:$B,D$167)) -> 0 | E187: =IF(E$167="","",SUMIFS(DATA_GOC!$H:$H,DATA_GOC!$A:$A,"BOM",DATA_GOC!$D:$D,$B187,DATA_GOC!$E:$E,$F$159,DATA_GOC!$F:$F,"Xuất nội bộ từ téc",DATA_GOC!$B:$B,E$167)) -> 0 | F187: =IF(F$167="","",SUMIFS(DATA_GOC!$H:$H,DATA_GOC!$A:$A,"BOM",DATA_GOC!$D:$D,$B187,DATA_GOC!$E:$E,$F$159,DATA_GOC!$F:$F,"Xuất nội bộ từ téc",DATA_GOC!$B:$B,F$167)) -> 0 | G187: =IF(G$167="","",SUMIFS(DATA_GOC!$H:$H,DATA_GOC!$A:$A,"BOM",DATA_GOC!$D:$D,$B187,DATA_GOC!$E:$E,$F$159,DATA_GOC!$F:$F,"Xuất nội bộ từ téc",DATA_GOC!$B:$B,G$167)) -> 0 | H187: =IF(H$167="","",SUMIFS(DATA_GOC!$H:$H,DATA_GOC!$A:$A,"BOM",DATA_GOC!$D:$D,$B187,DATA_GOC!$E:$E,$F$159,DATA_GOC!$F:$F,"Xuất nội bộ từ téc",DATA_GOC!$B:$B,H$167)) -> 0 | I187: =IF(I$167="","",SUMIFS(DATA_GOC!$H:$H,DATA_GOC!$A:$A,"BOM",DATA_GOC!$D:$D,$B187,DATA_GOC!$E:$E,$F$159,DATA_GOC!$F:$F,"Xuất nội bộ từ téc",DATA_GOC!$B:$B,I$167)) -> 0 | J187: =IF(J$167="","",SUMIFS(DATA_GOC!$H:$H,DATA_GOC!$A:$A,"BOM",DATA_GOC!$D:$D,$B187,DATA_GOC!$E:$E,$F$159,DATA_GOC!$F:$F,"Xuất nội bộ từ téc",DATA_GOC!$B:$B,J$167)) -> 0 | ... AG187: =IF(AG$167="","",SUMIFS(DATA_GOC!$H:$H,DATA_GOC!$A:$A,"BOM",DATA_GOC!$D:$D,$B187,DATA_GOC!$E:$E,$F$159,DATA_GOC!$F:$F,"Xuất nội bộ từ téc",DATA_GOC!$B:$B,AG$167)) | AH187: =IF($B187="","",SUMIFS(DATA_GOC!$H:$H,DATA_GOC!$A:$A,"BOM",DATA_GOC!$D:$D,$B187,DATA_GOC!$E:$E,$F$159,DATA_GOC!$F:$F,"Xuất nội bộ từ téc",DATA_GOC!$B:$B,">="&$H$159,DATA_GOC!$B:$B,"<="&$J$159)) -> 0 | AI187: =IFERROR(AH187/$E$162,0) -> 0 | AJ187: =IFERROR(ROUND(AH187*$K$162/$E$162,3),0) -> 0 | AK187: =IFERROR(ROUND(AH187*$M$162/$E$162,3),0) -> 0 | AL187: =IF($B187="","",N(AH187)+N(AJ187)-N(AK187)) -> 0
A188: =IF($B188<>"",ROW()-167,"") -> 21 | B188: {=IFERROR(IF(INDEX(DANH_MUC!$E:$E,24)="","",INDEX(DANH_MUC!$E:$E,24)),"")} -> 28C03695 | C188: =IF(C$167="","",SUMIFS(DATA_GOC!$H:$H,DATA_GOC!$A:$A,"BOM",DATA_GOC!$D:$D,$B188,DATA_GOC!$E:$E,$F$159,DATA_GOC!$F:$F,"Xuất nội bộ từ téc",DATA_GOC!$B:$B,C$167)) -> 0 | D188: =IF(D$167="","",SUMIFS(DATA_GOC!$H:$H,DATA_GOC!$A:$A,"BOM",DATA_GOC!$D:$D,$B188,DATA_GOC!$E:$E,$F$159,DATA_GOC!$F:$F,"Xuất nội bộ từ téc",DATA_GOC!$B:$B,D$167)) -> 0 | E188: =IF(E$167="","",SUMIFS(DATA_GOC!$H:$H,DATA_GOC!$A:$A,"BOM",DATA_GOC!$D:$D,$B188,DATA_GOC!$E:$E,$F$159,DATA_GOC!$F:$F,"Xuất nội bộ từ téc",DATA_GOC!$B:$B,E$167)) -> 0 | F188: =IF(F$167="","",SUMIFS(DATA_GOC!$H:$H,DATA_GOC!$A:$A,"BOM",DATA_GOC!$D:$D,$B188,DATA_GOC!$E:$E,$F$159,DATA_GOC!$F:$F,"Xuất nội bộ từ téc",DATA_GOC!$B:$B,F$167)) -> 0 | G188: =IF(G$167="","",SUMIFS(DATA_GOC!$H:$H,DATA_GOC!$A:$A,"BOM",DATA_GOC!$D:$D,$B188,DATA_GOC!$E:$E,$F$159,DATA_GOC!$F:$F,"Xuất nội bộ từ téc",DATA_GOC!$B:$B,G$167)) -> 0 | H188: =IF(H$167="","",SUMIFS(DATA_GOC!$H:$H,DATA_GOC!$A:$A,"BOM",DATA_GOC!$D:$D,$B188,DATA_GOC!$E:$E,$F$159,DATA_GOC!$F:$F,"Xuất nội bộ từ téc",DATA_GOC!$B:$B,H$167)) -> 0 | I188: =IF(I$167="","",SUMIFS(DATA_GOC!$H:$H,DATA_GOC!$A:$A,"BOM",DATA_GOC!$D:$D,$B188,DATA_GOC!$E:$E,$F$159,DATA_GOC!$F:$F,"Xuất nội bộ từ téc",DATA_GOC!$B:$B,I$167)) -> 0 | J188: =IF(J$167="","",SUMIFS(DATA_GOC!$H:$H,DATA_GOC!$A:$A,"BOM",DATA_GOC!$D:$D,$B188,DATA_GOC!$E:$E,$F$159,DATA_GOC!$F:$F,"Xuất nội bộ từ téc",DATA_GOC!$B:$B,J$167)) -> 0 | ... AG188: =IF(AG$167="","",SUMIFS(DATA_GOC!$H:$H,DATA_GOC!$A:$A,"BOM",DATA_GOC!$D:$D,$B188,DATA_GOC!$E:$E,$F$159,DATA_GOC!$F:$F,"Xuất nội bộ từ téc",DATA_GOC!$B:$B,AG$167)) | AH188: =IF($B188="","",SUMIFS(DATA_GOC!$H:$H,DATA_GOC!$A:$A,"BOM",DATA_GOC!$D:$D,$B188,DATA_GOC!$E:$E,$F$159,DATA_GOC!$F:$F,"Xuất nội bộ từ téc",DATA_GOC!$B:$B,">="&$H$159,DATA_GOC!$B:$B,"<="&$J$159)) -> 211 | AI188: =IFERROR(AH188/$E$162,0) -> 0.015302052 | AJ188: =IFERROR(ROUND(AH188*$K$162/$E$162,3),0) -> 5.677 | AK188: =IFERROR(ROUND(AH188*$M$162/$E$162,3),0) -> 0 | AL188: =IF($B188="","",N(AH188)+N(AJ188)-N(AK188)) -> 216.677
A189: =IF($B189<>"",ROW()-167,"") -> 22 | B189: {=IFERROR(IF(INDEX(DANH_MUC!$E:$E,25)="","",INDEX(DANH_MUC!$E:$E,25)),"")} -> 28C03927 | C189: =IF(C$167="","",SUMIFS(DATA_GOC!$H:$H,DATA_GOC!$A:$A,"BOM",DATA_GOC!$D:$D,$B189,DATA_GOC!$E:$E,$F$159,DATA_GOC!$F:$F,"Xuất nội bộ từ téc",DATA_GOC!$B:$B,C$167)) -> 0 | D189: =IF(D$167="","",SUMIFS(DATA_GOC!$H:$H,DATA_GOC!$A:$A,"BOM",DATA_GOC!$D:$D,$B189,DATA_GOC!$E:$E,$F$159,DATA_GOC!$F:$F,"Xuất nội bộ từ téc",DATA_GOC!$B:$B,D$167)) -> 0 | E189: =IF(E$167="","",SUMIFS(DATA_GOC!$H:$H,DATA_GOC!$A:$A,"BOM",DATA_GOC!$D:$D,$B189,DATA_GOC!$E:$E,$F$159,DATA_GOC!$F:$F,"Xuất nội bộ từ téc",DATA_GOC!$B:$B,E$167)) -> 0 | F189: =IF(F$167="","",SUMIFS(DATA_GOC!$H:$H,DATA_GOC!$A:$A,"BOM",DATA_GOC!$D:$D,$B189,DATA_GOC!$E:$E,$F$159,DATA_GOC!$F:$F,"Xuất nội bộ từ téc",DATA_GOC!$B:$B,F$167)) -> 0 | G189: =IF(G$167="","",SUMIFS(DATA_GOC!$H:$H,DATA_GOC!$A:$A,"BOM",DATA_GOC!$D:$D,$B189,DATA_GOC!$E:$E,$F$159,DATA_GOC!$F:$F,"Xuất nội bộ từ téc",DATA_GOC!$B:$B,G$167)) -> 0 | H189: =IF(H$167="","",SUMIFS(DATA_GOC!$H:$H,DATA_GOC!$A:$A,"BOM",DATA_GOC!$D:$D,$B189,DATA_GOC!$E:$E,$F$159,DATA_GOC!$F:$F,"Xuất nội bộ từ téc",DATA_GOC!$B:$B,H$167)) -> 0 | I189: =IF(I$167="","",SUMIFS(DATA_GOC!$H:$H,DATA_GOC!$A:$A,"BOM",DATA_GOC!$D:$D,$B189,DATA_GOC!$E:$E,$F$159,DATA_GOC!$F:$F,"Xuất nội bộ từ téc",DATA_GOC!$B:$B,I$167)) -> 0 | J189: =IF(J$167="","",SUMIFS(DATA_GOC!$H:$H,DATA_GOC!$A:$A,"BOM",DATA_GOC!$D:$D,$B189,DATA_GOC!$E:$E,$F$159,DATA_GOC!$F:$F,"Xuất nội bộ từ téc",DATA_GOC!$B:$B,J$167)) -> 0 | ... AG189: =IF(AG$167="","",SUMIFS(DATA_GOC!$H:$H,DATA_GOC!$A:$A,"BOM",DATA_GOC!$D:$D,$B189,DATA_GOC!$E:$E,$F$159,DATA_GOC!$F:$F,"Xuất nội bộ từ téc",DATA_GOC!$B:$B,AG$167)) | AH189: =IF($B189="","",SUMIFS(DATA_GOC!$H:$H,DATA_GOC!$A:$A,"BOM",DATA_GOC!$D:$D,$B189,DATA_GOC!$E:$E,$F$159,DATA_GOC!$F:$F,"Xuất nội bộ từ téc",DATA_GOC!$B:$B,">="&$H$159,DATA_GOC!$B:$B,"<="&$J$159)) -> 275 | AI189: =IFERROR(AH189/$E$162,0) -> 0.019943433 | AJ189: =IFERROR(ROUND(AH189*$K$162/$E$162,3),0) -> 7.399 | AK189: =IFERROR(ROUND(AH189*$M$162/$E$162,3),0) -> 0 | AL189: =IF($B189="","",N(AH189)+N(AJ189)-N(AK189)) -> 282.399
A190: =IF($B190<>"",ROW()-167,"") -> 23 | B190: {=IFERROR(IF(INDEX(DANH_MUC!$E:$E,26)="","",INDEX(DANH_MUC!$E:$E,26)),"")} -> 28C04509 | C190: =IF(C$167="","",SUMIFS(DATA_GOC!$H:$H,DATA_GOC!$A:$A,"BOM",DATA_GOC!$D:$D,$B190,DATA_GOC!$E:$E,$F$159,DATA_GOC!$F:$F,"Xuất nội bộ từ téc",DATA_GOC!$B:$B,C$167)) -> 0 | D190: =IF(D$167="","",SUMIFS(DATA_GOC!$H:$H,DATA_GOC!$A:$A,"BOM",DATA_GOC!$D:$D,$B190,DATA_GOC!$E:$E,$F$159,DATA_GOC!$F:$F,"Xuất nội bộ từ téc",DATA_GOC!$B:$B,D$167)) -> 0 | E190: =IF(E$167="","",SUMIFS(DATA_GOC!$H:$H,DATA_GOC!$A:$A,"BOM",DATA_GOC!$D:$D,$B190,DATA_GOC!$E:$E,$F$159,DATA_GOC!$F:$F,"Xuất nội bộ từ téc",DATA_GOC!$B:$B,E$167)) -> 0 | F190: =IF(F$167="","",SUMIFS(DATA_GOC!$H:$H,DATA_GOC!$A:$A,"BOM",DATA_GOC!$D:$D,$B190,DATA_GOC!$E:$E,$F$159,DATA_GOC!$F:$F,"Xuất nội bộ từ téc",DATA_GOC!$B:$B,F$167)) -> 0 | G190: =IF(G$167="","",SUMIFS(DATA_GOC!$H:$H,DATA_GOC!$A:$A,"BOM",DATA_GOC!$D:$D,$B190,DATA_GOC!$E:$E,$F$159,DATA_GOC!$F:$F,"Xuất nội bộ từ téc",DATA_GOC!$B:$B,G$167)) -> 0 | H190: =IF(H$167="","",SUMIFS(DATA_GOC!$H:$H,DATA_GOC!$A:$A,"BOM",DATA_GOC!$D:$D,$B190,DATA_GOC!$E:$E,$F$159,DATA_GOC!$F:$F,"Xuất nội bộ từ téc",DATA_GOC!$B:$B,H$167)) -> 0 | I190: =IF(I$167="","",SUMIFS(DATA_GOC!$H:$H,DATA_GOC!$A:$A,"BOM",DATA_GOC!$D:$D,$B190,DATA_GOC!$E:$E,$F$159,DATA_GOC!$F:$F,"Xuất nội bộ từ téc",DATA_GOC!$B:$B,I$167)) -> 0 | J190: =IF(J$167="","",SUMIFS(DATA_GOC!$H:$H,DATA_GOC!$A:$A,"BOM",DATA_GOC!$D:$D,$B190,DATA_GOC!$E:$E,$F$159,DATA_GOC!$F:$F,"Xuất nội bộ từ téc",DATA_GOC!$B:$B,J$167)) -> 0 | ... AG190: =IF(AG$167="","",SUMIFS(DATA_GOC!$H:$H,DATA_GOC!$A:$A,"BOM",DATA_GOC!$D:$D,$B190,DATA_GOC!$E:$E,$F$159,DATA_GOC!$F:$F,"Xuất nội bộ từ téc",DATA_GOC!$B:$B,AG$167)) | AH190: =IF($B190="","",SUMIFS(DATA_GOC!$H:$H,DATA_GOC!$A:$A,"BOM",DATA_GOC!$D:$D,$B190,DATA_GOC!$E:$E,$F$159,DATA_GOC!$F:$F,"Xuất nội bộ từ téc",DATA_GOC!$B:$B,">="&$H$159,DATA_GOC!$B:$B,"<="&$J$159)) -> 46 | AI190: =IFERROR(AH190/$E$162,0) -> 0.0033359925 | AJ190: =IFERROR(ROUND(AH190*$K$162/$E$162,3),0) -> 1.238 | AK190: =IFERROR(ROUND(AH190*$M$162/$E$162,3),0) -> 0 | AL190: =IF($B190="","",N(AH190)+N(AJ190)-N(AK190)) -> 47.238
A191: =IF($B191<>"",ROW()-167,"") -> 24 | B191: {=IFERROR(IF(INDEX(DANH_MUC!$E:$E,27)="","",INDEX(DANH_MUC!$E:$E,27)),"")} -> 28C04536 | C191: =IF(C$167="","",SUMIFS(DATA_GOC!$H:$H,DATA_GOC!$A:$A,"BOM",DATA_GOC!$D:$D,$B191,DATA_GOC!$E:$E,$F$159,DATA_GOC!$F:$F,"Xuất nội bộ từ téc",DATA_GOC!$B:$B,C$167)) -> 0 | D191: =IF(D$167="","",SUMIFS(DATA_GOC!$H:$H,DATA_GOC!$A:$A,"BOM",DATA_GOC!$D:$D,$B191,DATA_GOC!$E:$E,$F$159,DATA_GOC!$F:$F,"Xuất nội bộ từ téc",DATA_GOC!$B:$B,D$167)) -> 0 | E191: =IF(E$167="","",SUMIFS(DATA_GOC!$H:$H,DATA_GOC!$A:$A,"BOM",DATA_GOC!$D:$D,$B191,DATA_GOC!$E:$E,$F$159,DATA_GOC!$F:$F,"Xuất nội bộ từ téc",DATA_GOC!$B:$B,E$167)) -> 0 | F191: =IF(F$167="","",SUMIFS(DATA_GOC!$H:$H,DATA_GOC!$A:$A,"BOM",DATA_GOC!$D:$D,$B191,DATA_GOC!$E:$E,$F$159,DATA_GOC!$F:$F,"Xuất nội bộ từ téc",DATA_GOC!$B:$B,F$167)) -> 0 | G191: =IF(G$167="","",SUMIFS(DATA_GOC!$H:$H,DATA_GOC!$A:$A,"BOM",DATA_GOC!$D:$D,$B191,DATA_GOC!$E:$E,$F$159,DATA_GOC!$F:$F,"Xuất nội bộ từ téc",DATA_GOC!$B:$B,G$167)) -> 0 | H191: =IF(H$167="","",SUMIFS(DATA_GOC!$H:$H,DATA_GOC!$A:$A,"BOM",DATA_GOC!$D:$D,$B191,DATA_GOC!$E:$E,$F$159,DATA_GOC!$F:$F,"Xuất nội bộ từ téc",DATA_GOC!$B:$B,H$167)) -> 0 | I191: =IF(I$167="","",SUMIFS(DATA_GOC!$H:$H,DATA_GOC!$A:$A,"BOM",DATA_GOC!$D:$D,$B191,DATA_GOC!$E:$E,$F$159,DATA_GOC!$F:$F,"Xuất nội bộ từ téc",DATA_GOC!$B:$B,I$167)) -> 0 | J191: =IF(J$167="","",SUMIFS(DATA_GOC!$H:$H,DATA_GOC!$A:$A,"BOM",DATA_GOC!$D:$D,$B191,DATA_GOC!$E:$E,$F$159,DATA_GOC!$F:$F,"Xuất nội bộ từ téc",DATA_GOC!$B:$B,J$167)) -> 0 | ... AG191: =IF(AG$167="","",SUMIFS(DATA_GOC!$H:$H,DATA_GOC!$A:$A,"BOM",DATA_GOC!$D:$D,$B191,DATA_GOC!$E:$E,$F$159,DATA_GOC!$F:$F,"Xuất nội bộ từ téc",DATA_GOC!$B:$B,AG$167)) | AH191: =IF($B191="","",SUMIFS(DATA_GOC!$H:$H,DATA_GOC!$A:$A,"BOM",DATA_GOC!$D:$D,$B191,DATA_GOC!$E:$E,$F$159,DATA_GOC!$F:$F,"Xuất nội bộ từ téc",DATA_GOC!$B:$B,">="&$H$159,DATA_GOC!$B:$B,"<="&$J$159)) -> 0 | AI191: =IFERROR(AH191/$E$162,0) -> 0 | AJ191: =IFERROR(ROUND(AH191*$K$162/$E$162,3),0) -> 0 | AK191: =IFERROR(ROUND(AH191*$M$162/$E$162,3),0) -> 0 | AL191: =IF($B191="","",N(AH191)+N(AJ191)-N(AK191)) -> 0
A192: =IF($B192<>"",ROW()-167,"") -> 25 | B192: {=IFERROR(IF(INDEX(DANH_MUC!$E:$E,28)="","",INDEX(DANH_MUC!$E:$E,28)),"")} -> 28C04576 | C192: =IF(C$167="","",SUMIFS(DATA_GOC!$H:$H,DATA_GOC!$A:$A,"BOM",DATA_GOC!$D:$D,$B192,DATA_GOC!$E:$E,$F$159,DATA_GOC!$F:$F,"Xuất nội bộ từ téc",DATA_GOC!$B:$B,C$167)) -> 0 | D192: =IF(D$167="","",SUMIFS(DATA_GOC!$H:$H,DATA_GOC!$A:$A,"BOM",DATA_GOC!$D:$D,$B192,DATA_GOC!$E:$E,$F$159,DATA_GOC!$F:$F,"Xuất nội bộ từ téc",DATA_GOC!$B:$B,D$167)) -> 0 | E192: =IF(E$167="","",SUMIFS(DATA_GOC!$H:$H,DATA_GOC!$A:$A,"BOM",DATA_GOC!$D:$D,$B192,DATA_GOC!$E:$E,$F$159,DATA_GOC!$F:$F,"Xuất nội bộ từ téc",DATA_GOC!$B:$B,E$167)) -> 0 | F192: =IF(F$167="","",SUMIFS(DATA_GOC!$H:$H,DATA_GOC!$A:$A,"BOM",DATA_GOC!$D:$D,$B192,DATA_GOC!$E:$E,$F$159,DATA_GOC!$F:$F,"Xuất nội bộ từ téc",DATA_GOC!$B:$B,F$167)) -> 0 | G192: =IF(G$167="","",SUMIFS(DATA_GOC!$H:$H,DATA_GOC!$A:$A,"BOM",DATA_GOC!$D:$D,$B192,DATA_GOC!$E:$E,$F$159,DATA_GOC!$F:$F,"Xuất nội bộ từ téc",DATA_GOC!$B:$B,G$167)) -> 0 | H192: =IF(H$167="","",SUMIFS(DATA_GOC!$H:$H,DATA_GOC!$A:$A,"BOM",DATA_GOC!$D:$D,$B192,DATA_GOC!$E:$E,$F$159,DATA_GOC!$F:$F,"Xuất nội bộ từ téc",DATA_GOC!$B:$B,H$167)) -> 0 | I192: =IF(I$167="","",SUMIFS(DATA_GOC!$H:$H,DATA_GOC!$A:$A,"BOM",DATA_GOC!$D:$D,$B192,DATA_GOC!$E:$E,$F$159,DATA_GOC!$F:$F,"Xuất nội bộ từ téc",DATA_GOC!$B:$B,I$167)) -> 0 | J192: =IF(J$167="","",SUMIFS(DATA_GOC!$H:$H,DATA_GOC!$A:$A,"BOM",DATA_GOC!$D:$D,$B192,DATA_GOC!$E:$E,$F$159,DATA_GOC!$F:$F,"Xuất nội bộ từ téc",DATA_GOC!$B:$B,J$167)) -> 0 | ... AG192: =IF(AG$167="","",SUMIFS(DATA_GOC!$H:$H,DATA_GOC!$A:$A,"BOM",DATA_GOC!$D:$D,$B192,DATA_GOC!$E:$E,$F$159,DATA_GOC!$F:$F,"Xuất nội bộ từ téc",DATA_GOC!$B:$B,AG$167)) | AH192: =IF($B192="","",SUMIFS(DATA_GOC!$H:$H,DATA_GOC!$A:$A,"BOM",DATA_GOC!$D:$D,$B192,DATA_GOC!$E:$E,$F$159,DATA_GOC!$F:$F,"Xuất nội bộ từ téc",DATA_GOC!$B:$B,">="&$H$159,DATA_GOC!$B:$B,"<="&$J$159)) -> 240 | AI192: =IFERROR(AH192/$E$162,0) -> 0.017405178 | AJ192: =IFERROR(ROUND(AH192*$K$162/$E$162,3),0) -> 6.457 | AK192: =IFERROR(ROUND(AH192*$M$162/$E$162,3),0) -> 0 | AL192: =IF($B192="","",N(AH192)+N(AJ192)-N(AK192)) -> 246.457
A193: =IF($B193<>"",ROW()-167,"") -> 26 | B193: {=IFERROR(IF(INDEX(DANH_MUC!$E:$E,29)="","",INDEX(DANH_MUC!$E:$E,29)),"")} -> 28C05090 | C193: =IF(C$167="","",SUMIFS(DATA_GOC!$H:$H,DATA_GOC!$A:$A,"BOM",DATA_GOC!$D:$D,$B193,DATA_GOC!$E:$E,$F$159,DATA_GOC!$F:$F,"Xuất nội bộ từ téc",DATA_GOC!$B:$B,C$167)) -> 0 | D193: =IF(D$167="","",SUMIFS(DATA_GOC!$H:$H,DATA_GOC!$A:$A,"BOM",DATA_GOC!$D:$D,$B193,DATA_GOC!$E:$E,$F$159,DATA_GOC!$F:$F,"Xuất nội bộ từ téc",DATA_GOC!$B:$B,D$167)) -> 0 | E193: =IF(E$167="","",SUMIFS(DATA_GOC!$H:$H,DATA_GOC!$A:$A,"BOM",DATA_GOC!$D:$D,$B193,DATA_GOC!$E:$E,$F$159,DATA_GOC!$F:$F,"Xuất nội bộ từ téc",DATA_GOC!$B:$B,E$167)) -> 0 | F193: =IF(F$167="","",SUMIFS(DATA_GOC!$H:$H,DATA_GOC!$A:$A,"BOM",DATA_GOC!$D:$D,$B193,DATA_GOC!$E:$E,$F$159,DATA_GOC!$F:$F,"Xuất nội bộ từ téc",DATA_GOC!$B:$B,F$167)) -> 0 | G193: =IF(G$167="","",SUMIFS(DATA_GOC!$H:$H,DATA_GOC!$A:$A,"BOM",DATA_GOC!$D:$D,$B193,DATA_GOC!$E:$E,$F$159,DATA_GOC!$F:$F,"Xuất nội bộ từ téc",DATA_GOC!$B:$B,G$167)) -> 0 | H193: =IF(H$167="","",SUMIFS(DATA_GOC!$H:$H,DATA_GOC!$A:$A,"BOM",DATA_GOC!$D:$D,$B193,DATA_GOC!$E:$E,$F$159,DATA_GOC!$F:$F,"Xuất nội bộ từ téc",DATA_GOC!$B:$B,H$167)) -> 0 | I193: =IF(I$167="","",SUMIFS(DATA_GOC!$H:$H,DATA_GOC!$A:$A,"BOM",DATA_GOC!$D:$D,$B193,DATA_GOC!$E:$E,$F$159,DATA_GOC!$F:$F,"Xuất nội bộ từ téc",DATA_GOC!$B:$B,I$167)) -> 0 | J193: =IF(J$167="","",SUMIFS(DATA_GOC!$H:$H,DATA_GOC!$A:$A,"BOM",DATA_GOC!$D:$D,$B193,DATA_GOC!$E:$E,$F$159,DATA_GOC!$F:$F,"Xuất nội bộ từ téc",DATA_GOC!$B:$B,J$167)) -> 0 | ... AG193: =IF(AG$167="","",SUMIFS(DATA_GOC!$H:$H,DATA_GOC!$A:$A,"BOM",DATA_GOC!$D:$D,$B193,DATA_GOC!$E:$E,$F$159,DATA_GOC!$F:$F,"Xuất nội bộ từ téc",DATA_GOC!$B:$B,AG$167)) | AH193: =IF($B193="","",SUMIFS(DATA_GOC!$H:$H,DATA_GOC!$A:$A,"BOM",DATA_GOC!$D:$D,$B193,DATA_GOC!$E:$E,$F$159,DATA_GOC!$F:$F,"Xuất nội bộ từ téc",DATA_GOC!$B:$B,">="&$H$159,DATA_GOC!$B:$B,"<="&$J$159)) -> 0 | AI193: =IFERROR(AH193/$E$162,0) -> 0 | AJ193: =IFERROR(ROUND(AH193*$K$162/$E$162,3),0) -> 0 | AK193: =IFERROR(ROUND(AH193*$M$162/$E$162,3),0) -> 0 | AL193: =IF($B193="","",N(AH193)+N(AJ193)-N(AK193)) -> 0
A194: =IF($B194<>"",ROW()-167,"") -> 27 | B194: {=IFERROR(IF(INDEX(DANH_MUC!$E:$E,30)="","",INDEX(DANH_MUC!$E:$E,30)),"")} -> 28C05345 | C194: =IF(C$167="","",SUMIFS(DATA_GOC!$H:$H,DATA_GOC!$A:$A,"BOM",DATA_GOC!$D:$D,$B194,DATA_GOC!$E:$E,$F$159,DATA_GOC!$F:$F,"Xuất nội bộ từ téc",DATA_GOC!$B:$B,C$167)) -> 0 | D194: =IF(D$167="","",SUMIFS(DATA_GOC!$H:$H,DATA_GOC!$A:$A,"BOM",DATA_GOC!$D:$D,$B194,DATA_GOC!$E:$E,$F$159,DATA_GOC!$F:$F,"Xuất nội bộ từ téc",DATA_GOC!$B:$B,D$167)) -> 0 | E194: =IF(E$167="","",SUMIFS(DATA_GOC!$H:$H,DATA_GOC!$A:$A,"BOM",DATA_GOC!$D:$D,$B194,DATA_GOC!$E:$E,$F$159,DATA_GOC!$F:$F,"Xuất nội bộ từ téc",DATA_GOC!$B:$B,E$167)) -> 0 | F194: =IF(F$167="","",SUMIFS(DATA_GOC!$H:$H,DATA_GOC!$A:$A,"BOM",DATA_GOC!$D:$D,$B194,DATA_GOC!$E:$E,$F$159,DATA_GOC!$F:$F,"Xuất nội bộ từ téc",DATA_GOC!$B:$B,F$167)) -> 0 | G194: =IF(G$167="","",SUMIFS(DATA_GOC!$H:$H,DATA_GOC!$A:$A,"BOM",DATA_GOC!$D:$D,$B194,DATA_GOC!$E:$E,$F$159,DATA_GOC!$F:$F,"Xuất nội bộ từ téc",DATA_GOC!$B:$B,G$167)) -> 0 | H194: =IF(H$167="","",SUMIFS(DATA_GOC!$H:$H,DATA_GOC!$A:$A,"BOM",DATA_GOC!$D:$D,$B194,DATA_GOC!$E:$E,$F$159,DATA_GOC!$F:$F,"Xuất nội bộ từ téc",DATA_GOC!$B:$B,H$167)) -> 0 | I194: =IF(I$167="","",SUMIFS(DATA_GOC!$H:$H,DATA_GOC!$A:$A,"BOM",DATA_GOC!$D:$D,$B194,DATA_GOC!$E:$E,$F$159,DATA_GOC!$F:$F,"Xuất nội bộ từ téc",DATA_GOC!$B:$B,I$167)) -> 0 | J194: =IF(J$167="","",SUMIFS(DATA_GOC!$H:$H,DATA_GOC!$A:$A,"BOM",DATA_GOC!$D:$D,$B194,DATA_GOC!$E:$E,$F$159,DATA_GOC!$F:$F,"Xuất nội bộ từ téc",DATA_GOC!$B:$B,J$167)) -> 0 | ... AG194: =IF(AG$167="","",SUMIFS(DATA_GOC!$H:$H,DATA_GOC!$A:$A,"BOM",DATA_GOC!$D:$D,$B194,DATA_GOC!$E:$E,$F$159,DATA_GOC!$F:$F,"Xuất nội bộ từ téc",DATA_GOC!$B:$B,AG$167)) | AH194: =IF($B194="","",SUMIFS(DATA_GOC!$H:$H,DATA_GOC!$A:$A,"BOM",DATA_GOC!$D:$D,$B194,DATA_GOC!$E:$E,$F$159,DATA_GOC!$F:$F,"Xuất nội bộ từ téc",DATA_GOC!$B:$B,">="&$H$159,DATA_GOC!$B:$B,"<="&$J$159)) -> 784 | AI194: =IFERROR(AH194/$E$162,0) -> 0.056856915 | AJ194: =IFERROR(ROUND(AH194*$K$162/$E$162,3),0) -> 21.094 | AK194: =IFERROR(ROUND(AH194*$M$162/$E$162,3),0) -> 0 | AL194: =IF($B194="","",N(AH194)+N(AJ194)-N(AK194)) -> 805.094
A195: =IF($B195<>"",ROW()-167,"") -> 28 | B195: {=IFERROR(IF(INDEX(DANH_MUC!$E:$E,31)="","",INDEX(DANH_MUC!$E:$E,31)),"")} -> 28C05661 | C195: =IF(C$167="","",SUMIFS(DATA_GOC!$H:$H,DATA_GOC!$A:$A,"BOM",DATA_GOC!$D:$D,$B195,DATA_GOC!$E:$E,$F$159,DATA_GOC!$F:$F,"Xuất nội bộ từ téc",DATA_GOC!$B:$B,C$167)) -> 0 | D195: =IF(D$167="","",SUMIFS(DATA_GOC!$H:$H,DATA_GOC!$A:$A,"BOM",DATA_GOC!$D:$D,$B195,DATA_GOC!$E:$E,$F$159,DATA_GOC!$F:$F,"Xuất nội bộ từ téc",DATA_GOC!$B:$B,D$167)) -> 0 | E195: =IF(E$167="","",SUMIFS(DATA_GOC!$H:$H,DATA_GOC!$A:$A,"BOM",DATA_GOC!$D:$D,$B195,DATA_GOC!$E:$E,$F$159,DATA_GOC!$F:$F,"Xuất nội bộ từ téc",DATA_GOC!$B:$B,E$167)) -> 0 | F195: =IF(F$167="","",SUMIFS(DATA_GOC!$H:$H,DATA_GOC!$A:$A,"BOM",DATA_GOC!$D:$D,$B195,DATA_GOC!$E:$E,$F$159,DATA_GOC!$F:$F,"Xuất nội bộ từ téc",DATA_GOC!$B:$B,F$167)) -> 0 | G195: =IF(G$167="","",SUMIFS(DATA_GOC!$H:$H,DATA_GOC!$A:$A,"BOM",DATA_GOC!$D:$D,$B195,DATA_GOC!$E:$E,$F$159,DATA_GOC!$F:$F,"Xuất nội bộ từ téc",DATA_GOC!$B:$B,G$167)) -> 0 | H195: =IF(H$167="","",SUMIFS(DATA_GOC!$H:$H,DATA_GOC!$A:$A,"BOM",DATA_GOC!$D:$D,$B195,DATA_GOC!$E:$E,$F$159,DATA_GOC!$F:$F,"Xuất nội bộ từ téc",DATA_GOC!$B:$B,H$167)) -> 0 | I195: =IF(I$167="","",SUMIFS(DATA_GOC!$H:$H,DATA_GOC!$A:$A,"BOM",DATA_GOC!$D:$D,$B195,DATA_GOC!$E:$E,$F$159,DATA_GOC!$F:$F,"Xuất nội bộ từ téc",DATA_GOC!$B:$B,I$167)) -> 0 | J195: =IF(J$167="","",SUMIFS(DATA_GOC!$H:$H,DATA_GOC!$A:$A,"BOM",DATA_GOC!$D:$D,$B195,DATA_GOC!$E:$E,$F$159,DATA_GOC!$F:$F,"Xuất nội bộ từ téc",DATA_GOC!$B:$B,J$167)) -> 0 | ... AG195: =IF(AG$167="","",SUMIFS(DATA_GOC!$H:$H,DATA_GOC!$A:$A,"BOM",DATA_GOC!$D:$D,$B195,DATA_GOC!$E:$E,$F$159,DATA_GOC!$F:$F,"Xuất nội bộ từ téc",DATA_GOC!$B:$B,AG$167)) | AH195: =IF($B195="","",SUMIFS(DATA_GOC!$H:$H,DATA_GOC!$A:$A,"BOM",DATA_GOC!$D:$D,$B195,DATA_GOC!$E:$E,$F$159,DATA_GOC!$F:$F,"Xuất nội bộ từ téc",DATA_GOC!$B:$B,">="&$H$159,DATA_GOC!$B:$B,"<="&$J$159)) -> 0 | AI195: =IFERROR(AH195/$E$162,0) -> 0 | AJ195: =IFERROR(ROUND(AH195*$K$162/$E$162,3),0) -> 0 | AK195: =IFERROR(ROUND(AH195*$M$162/$E$162,3),0) -> 0 | AL195: =IF($B195="","",N(AH195)+N(AJ195)-N(AK195)) -> 0
A196: =IF($B196<>"",ROW()-167,"") -> 29 | B196: {=IFERROR(IF(INDEX(DANH_MUC!$E:$E,32)="","",INDEX(DANH_MUC!$E:$E,32)),"")} -> 28C05739 | C196: =IF(C$167="","",SUMIFS(DATA_GOC!$H:$H,DATA_GOC!$A:$A,"BOM",DATA_GOC!$D:$D,$B196,DATA_GOC!$E:$E,$F$159,DATA_GOC!$F:$F,"Xuất nội bộ từ téc",DATA_GOC!$B:$B,C$167)) -> 0 | D196: =IF(D$167="","",SUMIFS(DATA_GOC!$H:$H,DATA_GOC!$A:$A,"BOM",DATA_GOC!$D:$D,$B196,DATA_GOC!$E:$E,$F$159,DATA_GOC!$F:$F,"Xuất nội bộ từ téc",DATA_GOC!$B:$B,D$167)) -> 0 | E196: =IF(E$167="","",SUMIFS(DATA_GOC!$H:$H,DATA_GOC!$A:$A,"BOM",DATA_GOC!$D:$D,$B196,DATA_GOC!$E:$E,$F$159,DATA_GOC!$F:$F,"Xuất nội bộ từ téc",DATA_GOC!$B:$B,E$167)) -> 0 | F196: =IF(F$167="","",SUMIFS(DATA_GOC!$H:$H,DATA_GOC!$A:$A,"BOM",DATA_GOC!$D:$D,$B196,DATA_GOC!$E:$E,$F$159,DATA_GOC!$F:$F,"Xuất nội bộ từ téc",DATA_GOC!$B:$B,F$167)) -> 0 | G196: =IF(G$167="","",SUMIFS(DATA_GOC!$H:$H,DATA_GOC!$A:$A,"BOM",DATA_GOC!$D:$D,$B196,DATA_GOC!$E:$E,$F$159,DATA_GOC!$F:$F,"Xuất nội bộ từ téc",DATA_GOC!$B:$B,G$167)) -> 0 | H196: =IF(H$167="","",SUMIFS(DATA_GOC!$H:$H,DATA_GOC!$A:$A,"BOM",DATA_GOC!$D:$D,$B196,DATA_GOC!$E:$E,$F$159,DATA_GOC!$F:$F,"Xuất nội bộ từ téc",DATA_GOC!$B:$B,H$167)) -> 0 | I196: =IF(I$167="","",SUMIFS(DATA_GOC!$H:$H,DATA_GOC!$A:$A,"BOM",DATA_GOC!$D:$D,$B196,DATA_GOC!$E:$E,$F$159,DATA_GOC!$F:$F,"Xuất nội bộ từ téc",DATA_GOC!$B:$B,I$167)) -> 0 | J196: =IF(J$167="","",SUMIFS(DATA_GOC!$H:$H,DATA_GOC!$A:$A,"BOM",DATA_GOC!$D:$D,$B196,DATA_GOC!$E:$E,$F$159,DATA_GOC!$F:$F,"Xuất nội bộ từ téc",DATA_GOC!$B:$B,J$167)) -> 0 | ... AG196: =IF(AG$167="","",SUMIFS(DATA_GOC!$H:$H,DATA_GOC!$A:$A,"BOM",DATA_GOC!$D:$D,$B196,DATA_GOC!$E:$E,$F$159,DATA_GOC!$F:$F,"Xuất nội bộ từ téc",DATA_GOC!$B:$B,AG$167)) | AH196: =IF($B196="","",SUMIFS(DATA_GOC!$H:$H,DATA_GOC!$A:$A,"BOM",DATA_GOC!$D:$D,$B196,DATA_GOC!$E:$E,$F$159,DATA_GOC!$F:$F,"Xuất nội bộ từ téc",DATA_GOC!$B:$B,">="&$H$159,DATA_GOC!$B:$B,"<="&$J$159)) -> 218 | AI196: =IFERROR(AH196/$E$162,0) -> 0.015809703 | AJ196: =IFERROR(ROUND(AH196*$K$162/$E$162,3),0) -> 5.865 | AK196: =IFERROR(ROUND(AH196*$M$162/$E$162,3),0) -> 0 | AL196: =IF($B196="","",N(AH196)+N(AJ196)-N(AK196)) -> 223.865
A197: =IF($B197<>"",ROW()-167,"") -> 30 | B197: {=IFERROR(IF(INDEX(DANH_MUC!$E:$E,33)="","",INDEX(DANH_MUC!$E:$E,33)),"")} -> 28C06369 | C197: =IF(C$167="","",SUMIFS(DATA_GOC!$H:$H,DATA_GOC!$A:$A,"BOM",DATA_GOC!$D:$D,$B197,DATA_GOC!$E:$E,$F$159,DATA_GOC!$F:$F,"Xuất nội bộ từ téc",DATA_GOC!$B:$B,C$167)) -> 0 | D197: =IF(D$167="","",SUMIFS(DATA_GOC!$H:$H,DATA_GOC!$A:$A,"BOM",DATA_GOC!$D:$D,$B197,DATA_GOC!$E:$E,$F$159,DATA_GOC!$F:$F,"Xuất nội bộ từ téc",DATA_GOC!$B:$B,D$167)) -> 0 | E197: =IF(E$167="","",SUMIFS(DATA_GOC!$H:$H,DATA_GOC!$A:$A,"BOM",DATA_GOC!$D:$D,$B197,DATA_GOC!$E:$E,$F$159,DATA_GOC!$F:$F,"Xuất nội bộ từ téc",DATA_GOC!$B:$B,E$167)) -> 0 | F197: =IF(F$167="","",SUMIFS(DATA_GOC!$H:$H,DATA_GOC!$A:$A,"BOM",DATA_GOC!$D:$D,$B197,DATA_GOC!$E:$E,$F$159,DATA_GOC!$F:$F,"Xuất nội bộ từ téc",DATA_GOC!$B:$B,F$167)) -> 0 | G197: =IF(G$167="","",SUMIFS(DATA_GOC!$H:$H,DATA_GOC!$A:$A,"BOM",DATA_GOC!$D:$D,$B197,DATA_GOC!$E:$E,$F$159,DATA_GOC!$F:$F,"Xuất nội bộ từ téc",DATA_GOC!$B:$B,G$167)) -> 0 | H197: =IF(H$167="","",SUMIFS(DATA_GOC!$H:$H,DATA_GOC!$A:$A,"BOM",DATA_GOC!$D:$D,$B197,DATA_GOC!$E:$E,$F$159,DATA_GOC!$F:$F,"Xuất nội bộ từ téc",DATA_GOC!$B:$B,H$167)) -> 0 | I197: =IF(I$167="","",SUMIFS(DATA_GOC!$H:$H,DATA_GOC!$A:$A,"BOM",DATA_GOC!$D:$D,$B197,DATA_GOC!$E:$E,$F$159,DATA_GOC!$F:$F,"Xuất nội bộ từ téc",DATA_GOC!$B:$B,I$167)) -> 0 | J197: =IF(J$167="","",SUMIFS(DATA_GOC!$H:$H,DATA_GOC!$A:$A,"BOM",DATA_GOC!$D:$D,$B197,DATA_GOC!$E:$E,$F$159,DATA_GOC!$F:$F,"Xuất nội bộ từ téc",DATA_GOC!$B:$B,J$167)) -> 0 | ... AG197: =IF(AG$167="","",SUMIFS(DATA_GOC!$H:$H,DATA_GOC!$A:$A,"BOM",DATA_GOC!$D:$D,$B197,DATA_GOC!$E:$E,$F$159,DATA_GOC!$F:$F,"Xuất nội bộ từ téc",DATA_GOC!$B:$B,AG$167)) | AH197: =IF($B197="","",SUMIFS(DATA_GOC!$H:$H,DATA_GOC!$A:$A,"BOM",DATA_GOC!$D:$D,$B197,DATA_GOC!$E:$E,$F$159,DATA_GOC!$F:$F,"Xuất nội bộ từ téc",DATA_GOC!$B:$B,">="&$H$159,DATA_GOC!$B:$B,"<="&$J$159)) -> 430 | AI197: =IFERROR(AH197/$E$162,0) -> 0.031184277 | AJ197: =IFERROR(ROUND(AH197*$K$162/$E$162,3),0) -> 11.569 | AK197: =IFERROR(ROUND(AH197*$M$162/$E$162,3),0) -> 0 | AL197: =IF($B197="","",N(AH197)+N(AJ197)-N(AK197)) -> 441.569
A198: =IF($B198<>"",ROW()-167,"") -> 31 | B198: {=IFERROR(IF(INDEX(DANH_MUC!$E:$E,34)="","",INDEX(DANH_MUC!$E:$E,34)),"")} -> 28C06447 | C198: =IF(C$167="","",SUMIFS(DATA_GOC!$H:$H,DATA_GOC!$A:$A,"BOM",DATA_GOC!$D:$D,$B198,DATA_GOC!$E:$E,$F$159,DATA_GOC!$F:$F,"Xuất nội bộ từ téc",DATA_GOC!$B:$B,C$167)) -> 0 | D198: =IF(D$167="","",SUMIFS(DATA_GOC!$H:$H,DATA_GOC!$A:$A,"BOM",DATA_GOC!$D:$D,$B198,DATA_GOC!$E:$E,$F$159,DATA_GOC!$F:$F,"Xuất nội bộ từ téc",DATA_GOC!$B:$B,D$167)) -> 0 | E198: =IF(E$167="","",SUMIFS(DATA_GOC!$H:$H,DATA_GOC!$A:$A,"BOM",DATA_GOC!$D:$D,$B198,DATA_GOC!$E:$E,$F$159,DATA_GOC!$F:$F,"Xuất nội bộ từ téc",DATA_GOC!$B:$B,E$167)) -> 0 | F198: =IF(F$167="","",SUMIFS(DATA_GOC!$H:$H,DATA_GOC!$A:$A,"BOM",DATA_GOC!$D:$D,$B198,DATA_GOC!$E:$E,$F$159,DATA_GOC!$F:$F,"Xuất nội bộ từ téc",DATA_GOC!$B:$B,F$167)) -> 0 | G198: =IF(G$167="","",SUMIFS(DATA_GOC!$H:$H,DATA_GOC!$A:$A,"BOM",DATA_GOC!$D:$D,$B198,DATA_GOC!$E:$E,$F$159,DATA_GOC!$F:$F,"Xuất nội bộ từ téc",DATA_GOC!$B:$B,G$167)) -> 0 | H198: =IF(H$167="","",SUMIFS(DATA_GOC!$H:$H,DATA_GOC!$A:$A,"BOM",DATA_GOC!$D:$D,$B198,DATA_GOC!$E:$E,$F$159,DATA_GOC!$F:$F,"Xuất nội bộ từ téc",DATA_GOC!$B:$B,H$167)) -> 0 | I198: =IF(I$167="","",SUMIFS(DATA_GOC!$H:$H,DATA_GOC!$A:$A,"BOM",DATA_GOC!$D:$D,$B198,DATA_GOC!$E:$E,$F$159,DATA_GOC!$F:$F,"Xuất nội bộ từ téc",DATA_GOC!$B:$B,I$167)) -> 0 | J198: =IF(J$167="","",SUMIFS(DATA_GOC!$H:$H,DATA_GOC!$A:$A,"BOM",DATA_GOC!$D:$D,$B198,DATA_GOC!$E:$E,$F$159,DATA_GOC!$F:$F,"Xuất nội bộ từ téc",DATA_GOC!$B:$B,J$167)) -> 0 | ... AG198: =IF(AG$167="","",SUMIFS(DATA_GOC!$H:$H,DATA_GOC!$A:$A,"BOM",DATA_GOC!$D:$D,$B198,DATA_GOC!$E:$E,$F$159,DATA_GOC!$F:$F,"Xuất nội bộ từ téc",DATA_GOC!$B:$B,AG$167)) | AH198: =IF($B198="","",SUMIFS(DATA_GOC!$H:$H,DATA_GOC!$A:$A,"BOM",DATA_GOC!$D:$D,$B198,DATA_GOC!$E:$E,$F$159,DATA_GOC!$F:$F,"Xuất nội bộ từ téc",DATA_GOC!$B:$B,">="&$H$159,DATA_GOC!$B:$B,"<="&$J$159)) -> 913 | AI198: =IFERROR(AH198/$E$162,0) -> 0.066212198 | AJ198: =IFERROR(ROUND(AH198*$K$162/$E$162,3),0) -> 24.565 | AK198: =IFERROR(ROUND(AH198*$M$162/$E$162,3),0) -> 0 | AL198: =IF($B198="","",N(AH198)+N(AJ198)-N(AK198)) -> 937.565
A199: =IF($B199<>"",ROW()-167,"") -> 32 | B199: {=IFERROR(IF(INDEX(DANH_MUC!$E:$E,35)="","",INDEX(DANH_MUC!$E:$E,35)),"")} -> 28H00003 | C199: =IF(C$167="","",SUMIFS(DATA_GOC!$H:$H,DATA_GOC!$A:$A,"BOM",DATA_GOC!$D:$D,$B199,DATA_GOC!$E:$E,$F$159,DATA_GOC!$F:$F,"Xuất nội bộ từ téc",DATA_GOC!$B:$B,C$167)) -> 0 | D199: =IF(D$167="","",SUMIFS(DATA_GOC!$H:$H,DATA_GOC!$A:$A,"BOM",DATA_GOC!$D:$D,$B199,DATA_GOC!$E:$E,$F$159,DATA_GOC!$F:$F,"Xuất nội bộ từ téc",DATA_GOC!$B:$B,D$167)) -> 0 | E199: =IF(E$167="","",SUMIFS(DATA_GOC!$H:$H,DATA_GOC!$A:$A,"BOM",DATA_GOC!$D:$D,$B199,DATA_GOC!$E:$E,$F$159,DATA_GOC!$F:$F,"Xuất nội bộ từ téc",DATA_GOC!$B:$B,E$167)) -> 0 | F199: =IF(F$167="","",SUMIFS(DATA_GOC!$H:$H,DATA_GOC!$A:$A,"BOM",DATA_GOC!$D:$D,$B199,DATA_GOC!$E:$E,$F$159,DATA_GOC!$F:$F,"Xuất nội bộ từ téc",DATA_GOC!$B:$B,F$167)) -> 0 | G199: =IF(G$167="","",SUMIFS(DATA_GOC!$H:$H,DATA_GOC!$A:$A,"BOM",DATA_GOC!$D:$D,$B199,DATA_GOC!$E:$E,$F$159,DATA_GOC!$F:$F,"Xuất nội bộ từ téc",DATA_GOC!$B:$B,G$167)) -> 0 | H199: =IF(H$167="","",SUMIFS(DATA_GOC!$H:$H,DATA_GOC!$A:$A,"BOM",DATA_GOC!$D:$D,$B199,DATA_GOC!$E:$E,$F$159,DATA_GOC!$F:$F,"Xuất nội bộ từ téc",DATA_GOC!$B:$B,H$167)) -> 0 | I199: =IF(I$167="","",SUMIFS(DATA_GOC!$H:$H,DATA_GOC!$A:$A,"BOM",DATA_GOC!$D:$D,$B199,DATA_GOC!$E:$E,$F$159,DATA_GOC!$F:$F,"Xuất nội bộ từ téc",DATA_GOC!$B:$B,I$167)) -> 0 | J199: =IF(J$167="","",SUMIFS(DATA_GOC!$H:$H,DATA_GOC!$A:$A,"BOM",DATA_GOC!$D:$D,$B199,DATA_GOC!$E:$E,$F$159,DATA_GOC!$F:$F,"Xuất nội bộ từ téc",DATA_GOC!$B:$B,J$167)) -> 0 | ... AG199: =IF(AG$167="","",SUMIFS(DATA_GOC!$H:$H,DATA_GOC!$A:$A,"BOM",DATA_GOC!$D:$D,$B199,DATA_GOC!$E:$E,$F$159,DATA_GOC!$F:$F,"Xuất nội bộ từ téc",DATA_GOC!$B:$B,AG$167)) | AH199: =IF($B199="","",SUMIFS(DATA_GOC!$H:$H,DATA_GOC!$A:$A,"BOM",DATA_GOC!$D:$D,$B199,DATA_GOC!$E:$E,$F$159,DATA_GOC!$F:$F,"Xuất nội bộ từ téc",DATA_GOC!$B:$B,">="&$H$159,DATA_GOC!$B:$B,"<="&$J$159)) -> 546 | AI199: =IFERROR(AH199/$E$162,0) -> 0.03959678 | AJ199: =IFERROR(ROUND(AH199*$K$162/$E$162,3),0) -> 14.69 | AK199: =IFERROR(ROUND(AH199*$M$162/$E$162,3),0) -> 0 | AL199: =IF($B199="","",N(AH199)+N(AJ199)-N(AK199)) -> 560.69
A200: =IF($B200<>"",ROW()-167,"") -> 33 | B200: {=IFERROR(IF(INDEX(DANH_MUC!$E:$E,36)="","",INDEX(DANH_MUC!$E:$E,36)),"")} -> 28H00061 | C200: =IF(C$167="","",SUMIFS(DATA_GOC!$H:$H,DATA_GOC!$A:$A,"BOM",DATA_GOC!$D:$D,$B200,DATA_GOC!$E:$E,$F$159,DATA_GOC!$F:$F,"Xuất nội bộ từ téc",DATA_GOC!$B:$B,C$167)) -> 0 | D200: =IF(D$167="","",SUMIFS(DATA_GOC!$H:$H,DATA_GOC!$A:$A,"BOM",DATA_GOC!$D:$D,$B200,DATA_GOC!$E:$E,$F$159,DATA_GOC!$F:$F,"Xuất nội bộ từ téc",DATA_GOC!$B:$B,D$167)) -> 0 | E200: =IF(E$167="","",SUMIFS(DATA_GOC!$H:$H,DATA_GOC!$A:$A,"BOM",DATA_GOC!$D:$D,$B200,DATA_GOC!$E:$E,$F$159,DATA_GOC!$F:$F,"Xuất nội bộ từ téc",DATA_GOC!$B:$B,E$167)) -> 0 | F200: =IF(F$167="","",SUMIFS(DATA_GOC!$H:$H,DATA_GOC!$A:$A,"BOM",DATA_GOC!$D:$D,$B200,DATA_GOC!$E:$E,$F$159,DATA_GOC!$F:$F,"Xuất nội bộ từ téc",DATA_GOC!$B:$B,F$167)) -> 0 | G200: =IF(G$167="","",SUMIFS(DATA_GOC!$H:$H,DATA_GOC!$A:$A,"BOM",DATA_GOC!$D:$D,$B200,DATA_GOC!$E:$E,$F$159,DATA_GOC!$F:$F,"Xuất nội bộ từ téc",DATA_GOC!$B:$B,G$167)) -> 0 | H200: =IF(H$167="","",SUMIFS(DATA_GOC!$H:$H,DATA_GOC!$A:$A,"BOM",DATA_GOC!$D:$D,$B200,DATA_GOC!$E:$E,$F$159,DATA_GOC!$F:$F,"Xuất nội bộ từ téc",DATA_GOC!$B:$B,H$167)) -> 0 | I200: =IF(I$167="","",SUMIFS(DATA_GOC!$H:$H,DATA_GOC!$A:$A,"BOM",DATA_GOC!$D:$D,$B200,DATA_GOC!$E:$E,$F$159,DATA_GOC!$F:$F,"Xuất nội bộ từ téc",DATA_GOC!$B:$B,I$167)) -> 0 | J200: =IF(J$167="","",SUMIFS(DATA_GOC!$H:$H,DATA_GOC!$A:$A,"BOM",DATA_GOC!$D:$D,$B200,DATA_GOC!$E:$E,$F$159,DATA_GOC!$F:$F,"Xuất nội bộ từ téc",DATA_GOC!$B:$B,J$167)) -> 0 | ... AG200: =IF(AG$167="","",SUMIFS(DATA_GOC!$H:$H,DATA_GOC!$A:$A,"BOM",DATA_GOC!$D:$D,$B200,DATA_GOC!$E:$E,$F$159,DATA_GOC!$F:$F,"Xuất nội bộ từ téc",DATA_GOC!$B:$B,AG$167)) | AH200: =IF($B200="","",SUMIFS(DATA_GOC!$H:$H,DATA_GOC!$A:$A,"BOM",DATA_GOC!$D:$D,$B200,DATA_GOC!$E:$E,$F$159,DATA_GOC!$F:$F,"Xuất nội bộ từ téc",DATA_GOC!$B:$B,">="&$H$159,DATA_GOC!$B:$B,"<="&$J$159)) -> 366 | AI200: =IFERROR(AH200/$E$162,0) -> 0.026542897 | AJ200: =IFERROR(ROUND(AH200*$K$162/$E$162,3),0) -> 9.847 | AK200: =IFERROR(ROUND(AH200*$M$162/$E$162,3),0) -> 0 | AL200: =IF($B200="","",N(AH200)+N(AJ200)-N(AK200)) -> 375.847
A201: =IF($B201<>"",ROW()-167,"") -> 34 | B201: {=IFERROR(IF(INDEX(DANH_MUC!$E:$E,37)="","",INDEX(DANH_MUC!$E:$E,37)),"")} -> 28H00354 | C201: =IF(C$167="","",SUMIFS(DATA_GOC!$H:$H,DATA_GOC!$A:$A,"BOM",DATA_GOC!$D:$D,$B201,DATA_GOC!$E:$E,$F$159,DATA_GOC!$F:$F,"Xuất nội bộ từ téc",DATA_GOC!$B:$B,C$167)) -> 0 | D201: =IF(D$167="","",SUMIFS(DATA_GOC!$H:$H,DATA_GOC!$A:$A,"BOM",DATA_GOC!$D:$D,$B201,DATA_GOC!$E:$E,$F$159,DATA_GOC!$F:$F,"Xuất nội bộ từ téc",DATA_GOC!$B:$B,D$167)) -> 0 | E201: =IF(E$167="","",SUMIFS(DATA_GOC!$H:$H,DATA_GOC!$A:$A,"BOM",DATA_GOC!$D:$D,$B201,DATA_GOC!$E:$E,$F$159,DATA_GOC!$F:$F,"Xuất nội bộ từ téc",DATA_GOC!$B:$B,E$167)) -> 0 | F201: =IF(F$167="","",SUMIFS(DATA_GOC!$H:$H,DATA_GOC!$A:$A,"BOM",DATA_GOC!$D:$D,$B201,DATA_GOC!$E:$E,$F$159,DATA_GOC!$F:$F,"Xuất nội bộ từ téc",DATA_GOC!$B:$B,F$167)) -> 0 | G201: =IF(G$167="","",SUMIFS(DATA_GOC!$H:$H,DATA_GOC!$A:$A,"BOM",DATA_GOC!$D:$D,$B201,DATA_GOC!$E:$E,$F$159,DATA_GOC!$F:$F,"Xuất nội bộ từ téc",DATA_GOC!$B:$B,G$167)) -> 0 | H201: =IF(H$167="","",SUMIFS(DATA_GOC!$H:$H,DATA_GOC!$A:$A,"BOM",DATA_GOC!$D:$D,$B201,DATA_GOC!$E:$E,$F$159,DATA_GOC!$F:$F,"Xuất nội bộ từ téc",DATA_GOC!$B:$B,H$167)) -> 0 | I201: =IF(I$167="","",SUMIFS(DATA_GOC!$H:$H,DATA_GOC!$A:$A,"BOM",DATA_GOC!$D:$D,$B201,DATA_GOC!$E:$E,$F$159,DATA_GOC!$F:$F,"Xuất nội bộ từ téc",DATA_GOC!$B:$B,I$167)) -> 0 | J201: =IF(J$167="","",SUMIFS(DATA_GOC!$H:$H,DATA_GOC!$A:$A,"BOM",DATA_GOC!$D:$D,$B201,DATA_GOC!$E:$E,$F$159,DATA_GOC!$F:$F,"Xuất nội bộ từ téc",DATA_GOC!$B:$B,J$167)) -> 0 | ... AG201: =IF(AG$167="","",SUMIFS(DATA_GOC!$H:$H,DATA_GOC!$A:$A,"BOM",DATA_GOC!$D:$D,$B201,DATA_GOC!$E:$E,$F$159,DATA_GOC!$F:$F,"Xuất nội bộ từ téc",DATA_GOC!$B:$B,AG$167)) | AH201: =IF($B201="","",SUMIFS(DATA_GOC!$H:$H,DATA_GOC!$A:$A,"BOM",DATA_GOC!$D:$D,$B201,DATA_GOC!$E:$E,$F$159,DATA_GOC!$F:$F,"Xuất nội bộ từ téc",DATA_GOC!$B:$B,">="&$H$159,DATA_GOC!$B:$B,"<="&$J$159)) -> 480 | AI201: =IFERROR(AH201/$E$162,0) -> 0.034810356 | AJ201: =IFERROR(ROUND(AH201*$K$162/$E$162,3),0) -> 12.915 | AK201: =IFERROR(ROUND(AH201*$M$162/$E$162,3),0) -> 0 | AL201: =IF($B201="","",N(AH201)+N(AJ201)-N(AK201)) -> 492.915
A202: =IF($B202<>"",ROW()-167,"") -> 35 | B202: {=IFERROR(IF(INDEX(DANH_MUC!$E:$E,38)="","",INDEX(DANH_MUC!$E:$E,38)),"")} -> 28H00603 | C202: =IF(C$167="","",SUMIFS(DATA_GOC!$H:$H,DATA_GOC!$A:$A,"BOM",DATA_GOC!$D:$D,$B202,DATA_GOC!$E:$E,$F$159,DATA_GOC!$F:$F,"Xuất nội bộ từ téc",DATA_GOC!$B:$B,C$167)) -> 0 | D202: =IF(D$167="","",SUMIFS(DATA_GOC!$H:$H,DATA_GOC!$A:$A,"BOM",DATA_GOC!$D:$D,$B202,DATA_GOC!$E:$E,$F$159,DATA_GOC!$F:$F,"Xuất nội bộ từ téc",DATA_GOC!$B:$B,D$167)) -> 0 | E202: =IF(E$167="","",SUMIFS(DATA_GOC!$H:$H,DATA_GOC!$A:$A,"BOM",DATA_GOC!$D:$D,$B202,DATA_GOC!$E:$E,$F$159,DATA_GOC!$F:$F,"Xuất nội bộ từ téc",DATA_GOC!$B:$B,E$167)) -> 0 | F202: =IF(F$167="","",SUMIFS(DATA_GOC!$H:$H,DATA_GOC!$A:$A,"BOM",DATA_GOC!$D:$D,$B202,DATA_GOC!$E:$E,$F$159,DATA_GOC!$F:$F,"Xuất nội bộ từ téc",DATA_GOC!$B:$B,F$167)) -> 0 | G202: =IF(G$167="","",SUMIFS(DATA_GOC!$H:$H,DATA_GOC!$A:$A,"BOM",DATA_GOC!$D:$D,$B202,DATA_GOC!$E:$E,$F$159,DATA_GOC!$F:$F,"Xuất nội bộ từ téc",DATA_GOC!$B:$B,G$167)) -> 0 | H202: =IF(H$167="","",SUMIFS(DATA_GOC!$H:$H,DATA_GOC!$A:$A,"BOM",DATA_GOC!$D:$D,$B202,DATA_GOC!$E:$E,$F$159,DATA_GOC!$F:$F,"Xuất nội bộ từ téc",DATA_GOC!$B:$B,H$167)) -> 0 | I202: =IF(I$167="","",SUMIFS(DATA_GOC!$H:$H,DATA_GOC!$A:$A,"BOM",DATA_GOC!$D:$D,$B202,DATA_GOC!$E:$E,$F$159,DATA_GOC!$F:$F,"Xuất nội bộ từ téc",DATA_GOC!$B:$B,I$167)) -> 0 | J202: =IF(J$167="","",SUMIFS(DATA_GOC!$H:$H,DATA_GOC!$A:$A,"BOM",DATA_GOC!$D:$D,$B202,DATA_GOC!$E:$E,$F$159,DATA_GOC!$F:$F,"Xuất nội bộ từ téc",DATA_GOC!$B:$B,J$167)) -> 0 | ... AG202: =IF(AG$167="","",SUMIFS(DATA_GOC!$H:$H,DATA_GOC!$A:$A,"BOM",DATA_GOC!$D:$D,$B202,DATA_GOC!$E:$E,$F$159,DATA_GOC!$F:$F,"Xuất nội bộ từ téc",DATA_GOC!$B:$B,AG$167)) | AH202: =IF($B202="","",SUMIFS(DATA_GOC!$H:$H,DATA_GOC!$A:$A,"BOM",DATA_GOC!$D:$D,$B202,DATA_GOC!$E:$E,$F$159,DATA_GOC!$F:$F,"Xuất nội bộ từ téc",DATA_GOC!$B:$B,">="&$H$159,DATA_GOC!$B:$B,"<="&$J$159)) -> 220 | AI202: =IFERROR(AH202/$E$162,0) -> 0.015954747 | AJ202: =IFERROR(ROUND(AH202*$K$162/$E$162,3),0) -> 5.919 | AK202: =IFERROR(ROUND(AH202*$M$162/$E$162,3),0) -> 0 | AL202: =IF($B202="","",N(AH202)+N(AJ202)-N(AK202)) -> 225.919
A203: =IF($B203<>"",ROW()-167,"") -> 36 | B203: {=IFERROR(IF(INDEX(DANH_MUC!$E:$E,39)="","",INDEX(DANH_MUC!$E:$E,39)),"")} -> 28H00609 | C203: =IF(C$167="","",SUMIFS(DATA_GOC!$H:$H,DATA_GOC!$A:$A,"BOM",DATA_GOC!$D:$D,$B203,DATA_GOC!$E:$E,$F$159,DATA_GOC!$F:$F,"Xuất nội bộ từ téc",DATA_GOC!$B:$B,C$167)) -> 0 | D203: =IF(D$167="","",SUMIFS(DATA_GOC!$H:$H,DATA_GOC!$A:$A,"BOM",DATA_GOC!$D:$D,$B203,DATA_GOC!$E:$E,$F$159,DATA_GOC!$F:$F,"Xuất nội bộ từ téc",DATA_GOC!$B:$B,D$167)) -> 0 | E203: =IF(E$167="","",SUMIFS(DATA_GOC!$H:$H,DATA_GOC!$A:$A,"BOM",DATA_GOC!$D:$D,$B203,DATA_GOC!$E:$E,$F$159,DATA_GOC!$F:$F,"Xuất nội bộ từ téc",DATA_GOC!$B:$B,E$167)) -> 0 | F203: =IF(F$167="","",SUMIFS(DATA_GOC!$H:$H,DATA_GOC!$A:$A,"BOM",DATA_GOC!$D:$D,$B203,DATA_GOC!$E:$E,$F$159,DATA_GOC!$F:$F,"Xuất nội bộ từ téc",DATA_GOC!$B:$B,F$167)) -> 0 | G203: =IF(G$167="","",SUMIFS(DATA_GOC!$H:$H,DATA_GOC!$A:$A,"BOM",DATA_GOC!$D:$D,$B203,DATA_GOC!$E:$E,$F$159,DATA_GOC!$F:$F,"Xuất nội bộ từ téc",DATA_GOC!$B:$B,G$167)) -> 0 | H203: =IF(H$167="","",SUMIFS(DATA_GOC!$H:$H,DATA_GOC!$A:$A,"BOM",DATA_GOC!$D:$D,$B203,DATA_GOC!$E:$E,$F$159,DATA_GOC!$F:$F,"Xuất nội bộ từ téc",DATA_GOC!$B:$B,H$167)) -> 0 | I203: =IF(I$167="","",SUMIFS(DATA_GOC!$H:$H,DATA_GOC!$A:$A,"BOM",DATA_GOC!$D:$D,$B203,DATA_GOC!$E:$E,$F$159,DATA_GOC!$F:$F,"Xuất nội bộ từ téc",DATA_GOC!$B:$B,I$167)) -> 0 | J203: =IF(J$167="","",SUMIFS(DATA_GOC!$H:$H,DATA_GOC!$A:$A,"BOM",DATA_GOC!$D:$D,$B203,DATA_GOC!$E:$E,$F$159,DATA_GOC!$F:$F,"Xuất nội bộ từ téc",DATA_GOC!$B:$B,J$167)) -> 0 | ... AG203: =IF(AG$167="","",SUMIFS(DATA_GOC!$H:$H,DATA_GOC!$A:$A,"BOM",DATA_GOC!$D:$D,$B203,DATA_GOC!$E:$E,$F$159,DATA_GOC!$F:$F,"Xuất nội bộ từ téc",DATA_GOC!$B:$B,AG$167)) | AH203: =IF($B203="","",SUMIFS(DATA_GOC!$H:$H,DATA_GOC!$A:$A,"BOM",DATA_GOC!$D:$D,$B203,DATA_GOC!$E:$E,$F$159,DATA_GOC!$F:$F,"Xuất nội bộ từ téc",DATA_GOC!$B:$B,">="&$H$159,DATA_GOC!$B:$B,"<="&$J$159)) -> 240 | AI203: =IFERROR(AH203/$E$162,0) -> 0.017405178 | AJ203: =IFERROR(ROUND(AH203*$K$162/$E$162,3),0) -> 6.457 | AK203: =IFERROR(ROUND(AH203*$M$162/$E$162,3),0) -> 0 | AL203: =IF($B203="","",N(AH203)+N(AJ203)-N(AK203)) -> 246.457
A204: =IF($B204<>"",ROW()-167,"") -> 37 | B204: {=IFERROR(IF(INDEX(DANH_MUC!$E:$E,40)="","",INDEX(DANH_MUC!$E:$E,40)),"")} -> 28H00669 | C204: =IF(C$167="","",SUMIFS(DATA_GOC!$H:$H,DATA_GOC!$A:$A,"BOM",DATA_GOC!$D:$D,$B204,DATA_GOC!$E:$E,$F$159,DATA_GOC!$F:$F,"Xuất nội bộ từ téc",DATA_GOC!$B:$B,C$167)) -> 0 | D204: =IF(D$167="","",SUMIFS(DATA_GOC!$H:$H,DATA_GOC!$A:$A,"BOM",DATA_GOC!$D:$D,$B204,DATA_GOC!$E:$E,$F$159,DATA_GOC!$F:$F,"Xuất nội bộ từ téc",DATA_GOC!$B:$B,D$167)) -> 0 | E204: =IF(E$167="","",SUMIFS(DATA_GOC!$H:$H,DATA_GOC!$A:$A,"BOM",DATA_GOC!$D:$D,$B204,DATA_GOC!$E:$E,$F$159,DATA_GOC!$F:$F,"Xuất nội bộ từ téc",DATA_GOC!$B:$B,E$167)) -> 0 | F204: =IF(F$167="","",SUMIFS(DATA_GOC!$H:$H,DATA_GOC!$A:$A,"BOM",DATA_GOC!$D:$D,$B204,DATA_GOC!$E:$E,$F$159,DATA_GOC!$F:$F,"Xuất nội bộ từ téc",DATA_GOC!$B:$B,F$167)) -> 0 | G204: =IF(G$167="","",SUMIFS(DATA_GOC!$H:$H,DATA_GOC!$A:$A,"BOM",DATA_GOC!$D:$D,$B204,DATA_GOC!$E:$E,$F$159,DATA_GOC!$F:$F,"Xuất nội bộ từ téc",DATA_GOC!$B:$B,G$167)) -> 0 | H204: =IF(H$167="","",SUMIFS(DATA_GOC!$H:$H,DATA_GOC!$A:$A,"BOM",DATA_GOC!$D:$D,$B204,DATA_GOC!$E:$E,$F$159,DATA_GOC!$F:$F,"Xuất nội bộ từ téc",DATA_GOC!$B:$B,H$167)) -> 0 | I204: =IF(I$167="","",SUMIFS(DATA_GOC!$H:$H,DATA_GOC!$A:$A,"BOM",DATA_GOC!$D:$D,$B204,DATA_GOC!$E:$E,$F$159,DATA_GOC!$F:$F,"Xuất nội bộ từ téc",DATA_GOC!$B:$B,I$167)) -> 0 | J204: =IF(J$167="","",SUMIFS(DATA_GOC!$H:$H,DATA_GOC!$A:$A,"BOM",DATA_GOC!$D:$D,$B204,DATA_GOC!$E:$E,$F$159,DATA_GOC!$F:$F,"Xuất nội bộ từ téc",DATA_GOC!$B:$B,J$167)) -> 0 | ... AG204: =IF(AG$167="","",SUMIFS(DATA_GOC!$H:$H,DATA_GOC!$A:$A,"BOM",DATA_GOC!$D:$D,$B204,DATA_GOC!$E:$E,$F$159,DATA_GOC!$F:$F,"Xuất nội bộ từ téc",DATA_GOC!$B:$B,AG$167)) | AH204: =IF($B204="","",SUMIFS(DATA_GOC!$H:$H,DATA_GOC!$A:$A,"BOM",DATA_GOC!$D:$D,$B204,DATA_GOC!$E:$E,$F$159,DATA_GOC!$F:$F,"Xuất nội bộ từ téc",DATA_GOC!$B:$B,">="&$H$159,DATA_GOC!$B:$B,"<="&$J$159)) -> 0 | AI204: =IFERROR(AH204/$E$162,0) -> 0 | AJ204: =IFERROR(ROUND(AH204*$K$162/$E$162,3),0) -> 0 | AK204: =IFERROR(ROUND(AH204*$M$162/$E$162,3),0) -> 0 | AL204: =IF($B204="","",N(AH204)+N(AJ204)-N(AK204)) -> 0
A205: =IF($B205<>"",ROW()-167,"") -> 38 | B205: {=IFERROR(IF(INDEX(DANH_MUC!$E:$E,41)="","",INDEX(DANH_MUC!$E:$E,41)),"")} -> 28H00680 | C205: =IF(C$167="","",SUMIFS(DATA_GOC!$H:$H,DATA_GOC!$A:$A,"BOM",DATA_GOC!$D:$D,$B205,DATA_GOC!$E:$E,$F$159,DATA_GOC!$F:$F,"Xuất nội bộ từ téc",DATA_GOC!$B:$B,C$167)) -> 0 | D205: =IF(D$167="","",SUMIFS(DATA_GOC!$H:$H,DATA_GOC!$A:$A,"BOM",DATA_GOC!$D:$D,$B205,DATA_GOC!$E:$E,$F$159,DATA_GOC!$F:$F,"Xuất nội bộ từ téc",DATA_GOC!$B:$B,D$167)) -> 0 | E205: =IF(E$167="","",SUMIFS(DATA_GOC!$H:$H,DATA_GOC!$A:$A,"BOM",DATA_GOC!$D:$D,$B205,DATA_GOC!$E:$E,$F$159,DATA_GOC!$F:$F,"Xuất nội bộ từ téc",DATA_GOC!$B:$B,E$167)) -> 0 | F205: =IF(F$167="","",SUMIFS(DATA_GOC!$H:$H,DATA_GOC!$A:$A,"BOM",DATA_GOC!$D:$D,$B205,DATA_GOC!$E:$E,$F$159,DATA_GOC!$F:$F,"Xuất nội bộ từ téc",DATA_GOC!$B:$B,F$167)) -> 0 | G205: =IF(G$167="","",SUMIFS(DATA_GOC!$H:$H,DATA_GOC!$A:$A,"BOM",DATA_GOC!$D:$D,$B205,DATA_GOC!$E:$E,$F$159,DATA_GOC!$F:$F,"Xuất nội bộ từ téc",DATA_GOC!$B:$B,G$167)) -> 0 | H205: =IF(H$167="","",SUMIFS(DATA_GOC!$H:$H,DATA_GOC!$A:$A,"BOM",DATA_GOC!$D:$D,$B205,DATA_GOC!$E:$E,$F$159,DATA_GOC!$F:$F,"Xuất nội bộ từ téc",DATA_GOC!$B:$B,H$167)) -> 0 | I205: =IF(I$167="","",SUMIFS(DATA_GOC!$H:$H,DATA_GOC!$A:$A,"BOM",DATA_GOC!$D:$D,$B205,DATA_GOC!$E:$E,$F$159,DATA_GOC!$F:$F,"Xuất nội bộ từ téc",DATA_GOC!$B:$B,I$167)) -> 0 | J205: =IF(J$167="","",SUMIFS(DATA_GOC!$H:$H,DATA_GOC!$A:$A,"BOM",DATA_GOC!$D:$D,$B205,DATA_GOC!$E:$E,$F$159,DATA_GOC!$F:$F,"Xuất nội bộ từ téc",DATA_GOC!$B:$B,J$167)) -> 0 | ... AG205: =IF(AG$167="","",SUMIFS(DATA_GOC!$H:$H,DATA_GOC!$A:$A,"BOM",DATA_GOC!$D:$D,$B205,DATA_GOC!$E:$E,$F$159,DATA_GOC!$F:$F,"Xuất nội bộ từ téc",DATA_GOC!$B:$B,AG$167)) | AH205: =IF($B205="","",SUMIFS(DATA_GOC!$H:$H,DATA_GOC!$A:$A,"BOM",DATA_GOC!$D:$D,$B205,DATA_GOC!$E:$E,$F$159,DATA_GOC!$F:$F,"Xuất nội bộ từ téc",DATA_GOC!$B:$B,">="&$H$159,DATA_GOC!$B:$B,"<="&$J$159)) -> 1248 | AI205: =IFERROR(AH205/$E$162,0) -> 0.090506926 | AJ205: =IFERROR(ROUND(AH205*$K$162/$E$162,3),0) -> 33.578 | AK205: =IFERROR(ROUND(AH205*$M$162/$E$162,3),0) -> 0 | AL205: =IF($B205="","",N(AH205)+N(AJ205)-N(AK205)) -> 1281.578
A206: =IF($B206<>"",ROW()-167,"") -> 39 | B206: {=IFERROR(IF(INDEX(DANH_MUC!$E:$E,42)="","",INDEX(DANH_MUC!$E:$E,42)),"")} -> 28H01070 | C206: =IF(C$167="","",SUMIFS(DATA_GOC!$H:$H,DATA_GOC!$A:$A,"BOM",DATA_GOC!$D:$D,$B206,DATA_GOC!$E:$E,$F$159,DATA_GOC!$F:$F,"Xuất nội bộ từ téc",DATA_GOC!$B:$B,C$167)) -> 0 | D206: =IF(D$167="","",SUMIFS(DATA_GOC!$H:$H,DATA_GOC!$A:$A,"BOM",DATA_GOC!$D:$D,$B206,DATA_GOC!$E:$E,$F$159,DATA_GOC!$F:$F,"Xuất nội bộ từ téc",DATA_GOC!$B:$B,D$167)) -> 0 | E206: =IF(E$167="","",SUMIFS(DATA_GOC!$H:$H,DATA_GOC!$A:$A,"BOM",DATA_GOC!$D:$D,$B206,DATA_GOC!$E:$E,$F$159,DATA_GOC!$F:$F,"Xuất nội bộ từ téc",DATA_GOC!$B:$B,E$167)) -> 0 | F206: =IF(F$167="","",SUMIFS(DATA_GOC!$H:$H,DATA_GOC!$A:$A,"BOM",DATA_GOC!$D:$D,$B206,DATA_GOC!$E:$E,$F$159,DATA_GOC!$F:$F,"Xuất nội bộ từ téc",DATA_GOC!$B:$B,F$167)) -> 0 | G206: =IF(G$167="","",SUMIFS(DATA_GOC!$H:$H,DATA_GOC!$A:$A,"BOM",DATA_GOC!$D:$D,$B206,DATA_GOC!$E:$E,$F$159,DATA_GOC!$F:$F,"Xuất nội bộ từ téc",DATA_GOC!$B:$B,G$167)) -> 0 | H206: =IF(H$167="","",SUMIFS(DATA_GOC!$H:$H,DATA_GOC!$A:$A,"BOM",DATA_GOC!$D:$D,$B206,DATA_GOC!$E:$E,$F$159,DATA_GOC!$F:$F,"Xuất nội bộ từ téc",DATA_GOC!$B:$B,H$167)) -> 0 | I206: =IF(I$167="","",SUMIFS(DATA_GOC!$H:$H,DATA_GOC!$A:$A,"BOM",DATA_GOC!$D:$D,$B206,DATA_GOC!$E:$E,$F$159,DATA_GOC!$F:$F,"Xuất nội bộ từ téc",DATA_GOC!$B:$B,I$167)) -> 0 | J206: =IF(J$167="","",SUMIFS(DATA_GOC!$H:$H,DATA_GOC!$A:$A,"BOM",DATA_GOC!$D:$D,$B206,DATA_GOC!$E:$E,$F$159,DATA_GOC!$F:$F,"Xuất nội bộ từ téc",DATA_GOC!$B:$B,J$167)) -> 0 | ... AG206: =IF(AG$167="","",SUMIFS(DATA_GOC!$H:$H,DATA_GOC!$A:$A,"BOM",DATA_GOC!$D:$D,$B206,DATA_GOC!$E:$E,$F$159,DATA_GOC!$F:$F,"Xuất nội bộ từ téc",DATA_GOC!$B:$B,AG$167)) | AH206: =IF($B206="","",SUMIFS(DATA_GOC!$H:$H,DATA_GOC!$A:$A,"BOM",DATA_GOC!$D:$D,$B206,DATA_GOC!$E:$E,$F$159,DATA_GOC!$F:$F,"Xuất nội bộ từ téc",DATA_GOC!$B:$B,">="&$H$159,DATA_GOC!$B:$B,"<="&$J$159)) -> 0 | AI206: =IFERROR(AH206/$E$162,0) -> 0 | AJ206: =IFERROR(ROUND(AH206*$K$162/$E$162,3),0) -> 0 | AK206: =IFERROR(ROUND(AH206*$M$162/$E$162,3),0) -> 0 | AL206: =IF($B206="","",N(AH206)+N(AJ206)-N(AK206)) -> 0
A207: =IF($B207<>"",ROW()-167,"") -> 40 | B207: {=IFERROR(IF(INDEX(DANH_MUC!$E:$E,43)="","",INDEX(DANH_MUC!$E:$E,43)),"")} -> 28H01364 | C207: =IF(C$167="","",SUMIFS(DATA_GOC!$H:$H,DATA_GOC!$A:$A,"BOM",DATA_GOC!$D:$D,$B207,DATA_GOC!$E:$E,$F$159,DATA_GOC!$F:$F,"Xuất nội bộ từ téc",DATA_GOC!$B:$B,C$167)) -> 0 | D207: =IF(D$167="","",SUMIFS(DATA_GOC!$H:$H,DATA_GOC!$A:$A,"BOM",DATA_GOC!$D:$D,$B207,DATA_GOC!$E:$E,$F$159,DATA_GOC!$F:$F,"Xuất nội bộ từ téc",DATA_GOC!$B:$B,D$167)) -> 0 | E207: =IF(E$167="","",SUMIFS(DATA_GOC!$H:$H,DATA_GOC!$A:$A,"BOM",DATA_GOC!$D:$D,$B207,DATA_GOC!$E:$E,$F$159,DATA_GOC!$F:$F,"Xuất nội bộ từ téc",DATA_GOC!$B:$B,E$167)) -> 0 | F207: =IF(F$167="","",SUMIFS(DATA_GOC!$H:$H,DATA_GOC!$A:$A,"BOM",DATA_GOC!$D:$D,$B207,DATA_GOC!$E:$E,$F$159,DATA_GOC!$F:$F,"Xuất nội bộ từ téc",DATA_GOC!$B:$B,F$167)) -> 0 | G207: =IF(G$167="","",SUMIFS(DATA_GOC!$H:$H,DATA_GOC!$A:$A,"BOM",DATA_GOC!$D:$D,$B207,DATA_GOC!$E:$E,$F$159,DATA_GOC!$F:$F,"Xuất nội bộ từ téc",DATA_GOC!$B:$B,G$167)) -> 0 | H207: =IF(H$167="","",SUMIFS(DATA_GOC!$H:$H,DATA_GOC!$A:$A,"BOM",DATA_GOC!$D:$D,$B207,DATA_GOC!$E:$E,$F$159,DATA_GOC!$F:$F,"Xuất nội bộ từ téc",DATA_GOC!$B:$B,H$167)) -> 0 | I207: =IF(I$167="","",SUMIFS(DATA_GOC!$H:$H,DATA_GOC!$A:$A,"BOM",DATA_GOC!$D:$D,$B207,DATA_GOC!$E:$E,$F$159,DATA_GOC!$F:$F,"Xuất nội bộ từ téc",DATA_GOC!$B:$B,I$167)) -> 0 | J207: =IF(J$167="","",SUMIFS(DATA_GOC!$H:$H,DATA_GOC!$A:$A,"BOM",DATA_GOC!$D:$D,$B207,DATA_GOC!$E:$E,$F$159,DATA_GOC!$F:$F,"Xuất nội bộ từ téc",DATA_GOC!$B:$B,J$167)) -> 0 | ... AG207: =IF(AG$167="","",SUMIFS(DATA_GOC!$H:$H,DATA_GOC!$A:$A,"BOM",DATA_GOC!$D:$D,$B207,DATA_GOC!$E:$E,$F$159,DATA_GOC!$F:$F,"Xuất nội bộ từ téc",DATA_GOC!$B:$B,AG$167)) | AH207: =IF($B207="","",SUMIFS(DATA_GOC!$H:$H,DATA_GOC!$A:$A,"BOM",DATA_GOC!$D:$D,$B207,DATA_GOC!$E:$E,$F$159,DATA_GOC!$F:$F,"Xuất nội bộ từ téc",DATA_GOC!$B:$B,">="&$H$159,DATA_GOC!$B:$B,"<="&$J$159)) -> 710 | AI207: =IFERROR(AH207/$E$162,0) -> 0.051490318 | AJ207: =IFERROR(ROUND(AH207*$K$162/$E$162,3),0) -> 19.103 | AK207: =IFERROR(ROUND(AH207*$M$162/$E$162,3),0) -> 0 | AL207: =IF($B207="","",N(AH207)+N(AJ207)-N(AK207)) -> 729.103
A208: =IF($B208<>"",ROW()-167,"") -> 41 | B208: {=IFERROR(IF(INDEX(DANH_MUC!$E:$E,44)="","",INDEX(DANH_MUC!$E:$E,44)),"")} -> 29E17269 | C208: =IF(C$167="","",SUMIFS(DATA_GOC!$H:$H,DATA_GOC!$A:$A,"BOM",DATA_GOC!$D:$D,$B208,DATA_GOC!$E:$E,$F$159,DATA_GOC!$F:$F,"Xuất nội bộ từ téc",DATA_GOC!$B:$B,C$167)) -> 0 | D208: =IF(D$167="","",SUMIFS(DATA_GOC!$H:$H,DATA_GOC!$A:$A,"BOM",DATA_GOC!$D:$D,$B208,DATA_GOC!$E:$E,$F$159,DATA_GOC!$F:$F,"Xuất nội bộ từ téc",DATA_GOC!$B:$B,D$167)) -> 0 | E208: =IF(E$167="","",SUMIFS(DATA_GOC!$H:$H,DATA_GOC!$A:$A,"BOM",DATA_GOC!$D:$D,$B208,DATA_GOC!$E:$E,$F$159,DATA_GOC!$F:$F,"Xuất nội bộ từ téc",DATA_GOC!$B:$B,E$167)) -> 0 | F208: =IF(F$167="","",SUMIFS(DATA_GOC!$H:$H,DATA_GOC!$A:$A,"BOM",DATA_GOC!$D:$D,$B208,DATA_GOC!$E:$E,$F$159,DATA_GOC!$F:$F,"Xuất nội bộ từ téc",DATA_GOC!$B:$B,F$167)) -> 0 | G208: =IF(G$167="","",SUMIFS(DATA_GOC!$H:$H,DATA_GOC!$A:$A,"BOM",DATA_GOC!$D:$D,$B208,DATA_GOC!$E:$E,$F$159,DATA_GOC!$F:$F,"Xuất nội bộ từ téc",DATA_GOC!$B:$B,G$167)) -> 0 | H208: =IF(H$167="","",SUMIFS(DATA_GOC!$H:$H,DATA_GOC!$A:$A,"BOM",DATA_GOC!$D:$D,$B208,DATA_GOC!$E:$E,$F$159,DATA_GOC!$F:$F,"Xuất nội bộ từ téc",DATA_GOC!$B:$B,H$167)) -> 0 | I208: =IF(I$167="","",SUMIFS(DATA_GOC!$H:$H,DATA_GOC!$A:$A,"BOM",DATA_GOC!$D:$D,$B208,DATA_GOC!$E:$E,$F$159,DATA_GOC!$F:$F,"Xuất nội bộ từ téc",DATA_GOC!$B:$B,I$167)) -> 0 | J208: =IF(J$167="","",SUMIFS(DATA_GOC!$H:$H,DATA_GOC!$A:$A,"BOM",DATA_GOC!$D:$D,$B208,DATA_GOC!$E:$E,$F$159,DATA_GOC!$F:$F,"Xuất nội bộ từ téc",DATA_GOC!$B:$B,J$167)) -> 0 | ... AG208: =IF(AG$167="","",SUMIFS(DATA_GOC!$H:$H,DATA_GOC!$A:$A,"BOM",DATA_GOC!$D:$D,$B208,DATA_GOC!$E:$E,$F$159,DATA_GOC!$F:$F,"Xuất nội bộ từ téc",DATA_GOC!$B:$B,AG$167)) | AH208: =IF($B208="","",SUMIFS(DATA_GOC!$H:$H,DATA_GOC!$A:$A,"BOM",DATA_GOC!$D:$D,$B208,DATA_GOC!$E:$E,$F$159,DATA_GOC!$F:$F,"Xuất nội bộ từ téc",DATA_GOC!$B:$B,">="&$H$159,DATA_GOC!$B:$B,"<="&$J$159)) -> 274 | AI208: =IFERROR(AH208/$E$162,0) -> 0.019870912 | AJ208: =IFERROR(ROUND(AH208*$K$162/$E$162,3),0) -> 7.372 | AK208: =IFERROR(ROUND(AH208*$M$162/$E$162,3),0) -> 0 | AL208: =IF($B208="","",N(AH208)+N(AJ208)-N(AK208)) -> 281.372
